"","escola","estudante","desempenho","horas","texp","priv"
"1","A","1",35.4000015258789,11,2,"pública"
"2","A","2",74.8999938964844,23,2,"pública"
"3","A","3",86.6999969482422,25,2,"pública"
"4","A","4",53.6999969482422,14,2,"pública"
"5","A","5",79.6999969482422,24,2,"pública"
"6","A","6",41.7000007629395,11,2,"pública"
"7","A","7",10.5,5,2,"pública"
"8","A","8",30.1000003814697,7,2,"pública"
"9","A","9",22.8999996185303,9,2,"pública"
"10","A","10",90.1000061035156,28,2,"pública"
"11","A","11",45.7000007629395,15,2,"pública"
"12","A","12",64.5,20,2,"pública"
"13","A","13",89.0999984741211,25,2,"pública"
"14","A","14",76.1999969482422,26,2,"pública"
"15","A","15",86.6999969482422,26,2,"pública"
"16","A","16",77.2000045776367,26,2,"pública"
"17","A","17",83.8000030517578,25,2,"pública"
"18","A","18",40.4000015258789,13,2,"pública"
"19","A","19",26.9000015258789,11,2,"pública"
"20","A","20",75.5,23,2,"pública"
"21","A","21",57.6000022888184,21,2,"pública"
"22","A","22",37.2999992370605,13,2,"pública"
"23","A","23",46.1999969482422,17,2,"pública"
"24","A","24",37.5999984741211,12,2,"pública"
"25","A","25",32.1999969482422,13,2,"pública"
"26","A","26",90.6000061035156,28,2,"pública"
"27","A","27",33.2999992370605,13,2,"pública"
"28","A","28",36.9000015258789,14,2,"pública"
"29","A","29",38.0999984741211,15,2,"pública"
"30","A","30",45,15,2,"pública"
"31","A","31",29.3000011444092,11,2,"pública"
"32","A","32",21,9,2,"pública"
"33","A","33",51.5999984741211,19,2,"pública"
"34","A","34",56.5,18,2,"pública"
"35","A","35",58.6999969482422,16,2,"pública"
"36","A","36",31.0999984741211,8,2,"pública"
"37","A","37",52.2999992370605,14,2,"pública"
"38","A","38",23.8000011444092,8,2,"pública"
"39","A","39",24.5,9,2,"pública"
"40","A","40",47.8000030517578,13,2,"pública"
"41","A","41",28.9000015258789,6,2,"pública"
"42","A","42",25.3999996185303,11,2,"pública"
"43","A","43",65.3000030517578,20,2,"pública"
"44","A","44",36.1000022888184,12,2,"pública"
"45","A","45",86,27,2,"pública"
"46","A","46",58.6999969482422,20,2,"pública"
"47","A","47",24.7999992370605,9,2,"pública"
"48","B","48",41,13,2,"pública"
"49","B","49",57.6000022888184,17,2,"pública"
"50","B","50",73.4000015258789,20,2,"pública"
"51","B","51",84.0999984741211,29,2,"pública"
"52","B","52",49.0999984741211,18,2,"pública"
"53","B","53",57.2999992370605,18,2,"pública"
"54","B","54",80.6000061035156,23,2,"pública"
"55","B","55",44.4000015258789,13,2,"pública"
"56","B","56",49.7999992370605,12,2,"pública"
"57","B","57",82.2999954223633,23,2,"pública"
"58","B","58",33.0999984741211,10,2,"pública"
"59","B","59",28.6999988555908,12,2,"pública"
"60","B","60",76.1999969482422,26,2,"pública"
"61","B","61",49.4000015258789,16,2,"pública"
"62","B","62",26.0999984741211,9,2,"pública"
"63","B","63",79.3999938964844,25,2,"pública"
"64","B","64",84.3999938964844,26,2,"pública"
"65","B","65",71.1999969482422,22,2,"pública"
"66","B","66",77.7000045776367,24,2,"pública"
"67","B","67",89.7999954223633,24,2,"pública"
"68","B","68",50.1000022888184,13,2,"pública"
"69","B","69",81.1999969482422,25,2,"pública"
"70","B","70",41.7999992370605,13,2,"pública"
"71","B","71",96,28,2,"pública"
"72","B","72",65.1999969482422,20,2,"pública"
"73","C","73",54.7999992370605,20,2,"pública"
"74","C","74",30.7999992370605,7,2,"pública"
"75","C","75",32.8000030517578,11,2,"pública"
"76","C","76",94.7999954223633,27,2,"pública"
"77","C","77",42.1999969482422,16,2,"pública"
"78","C","78",36.3999977111816,13,2,"pública"
"79","C","79",22.3999996185303,7,2,"pública"
"80","C","80",35.2999992370605,11,2,"pública"
"81","C","81",37.9000015258789,13,2,"pública"
"82","C","82",36.3999977111816,14,2,"pública"
"83","C","83",28.2999992370605,9,2,"pública"
"84","C","84",92,26,2,"pública"
"85","C","85",24.7000007629395,6,2,"pública"
"86","C","86",18.5,7,2,"pública"
"87","C","87",33.5,12,2,"pública"
"88","C","88",28.8000011444092,12,2,"pública"
"89","C","89",50.5,18,2,"pública"
"90","C","90",35.7000007629395,11,2,"pública"
"91","C","91",36.6000022888184,10,2,"pública"
"92","C","92",39.4000015258789,15,2,"pública"
"93","C","93",54,14,2,"pública"
"94","C","94",53.6000022888184,17,2,"pública"
"95","C","95",53.4000015258789,17,2,"pública"
"96","C","96",37.2999992370605,12,2,"pública"
"97","C","97",38.0999984741211,12,2,"pública"
"98","C","98",27.8999996185303,12,2,"pública"
"99","C","99",36.7000007629395,14,2,"pública"
"100","C","100",61.7000007629395,18,2,"pública"
"101","C","101",41.7000007629395,14,2,"pública"
"102","C","102",75.2000045776367,25,2,"pública"
"103","C","103",59.2999992370605,19,2,"pública"
"104","C","104",21.9000015258789,7,2,"pública"
"105","C","105",15.3999996185303,5,2,"pública"
"106","C","106",59.5999984741211,15,2,"pública"
"107","C","107",37.9000015258789,14,2,"pública"
"108","C","108",45.5999984741211,16,2,"pública"
"109","C","109",45.7000007629395,12,2,"pública"
"110","C","110",32.1999969482422,11,2,"pública"
"111","C","111",59.6999969482422,18,2,"pública"
"112","C","112",47.3999977111816,13,2,"pública"
"113","C","113",60.1000022888184,18,2,"pública"
"114","C","114",38.8999977111816,14,2,"pública"
"115","C","115",64.8999938964844,17,2,"pública"
"116","C","116",44.4000015258789,11,2,"pública"
"117","C","117",39.5999984741211,14,2,"pública"
"118","C","118",38.8999977111816,15,2,"pública"
"119","C","119",47.1999969482422,18,2,"pública"
"120","C","120",59.2000007629395,15,2,"pública"
"121","D","121",66.4000015258789,20,9,"privada"
"122","D","122",68.4000015258789,19,9,"privada"
"123","D","123",67.9000015258789,19,9,"privada"
"124","D","124",68.5,21,9,"privada"
"125","D","125",95.5,26,9,"privada"
"126","D","126",54.7999992370605,14,9,"privada"
"127","D","127",96.5999984741211,29,9,"privada"
"128","D","128",74.2999954223633,21,9,"privada"
"129","D","129",74.4000015258789,23,9,"privada"
"130","D","130",100,30,9,"privada"
"131","D","131",73.3000030517578,19,9,"privada"
"132","D","132",75,22,9,"privada"
"133","D","133",58.6999969482422,18,9,"privada"
"134","D","134",78.9000015258789,22,9,"privada"
"135","D","135",88.9000015258789,25,9,"privada"
"136","D","136",47.0999984741211,15,9,"privada"
"137","D","137",35.7999992370605,10,9,"privada"
"138","D","138",92.6000061035156,27,9,"privada"
"139","D","139",90,26,9,"privada"
"140","D","140",93.4000015258789,27,9,"privada"
"141","E","141",55.3000030517578,17,9,"privada"
"142","E","142",44.2000007629395,14,9,"privada"
"143","E","143",32.1999969482422,11,9,"privada"
"144","E","144",79.7000045776367,26,9,"privada"
"145","E","145",77.9000015258789,25,9,"privada"
"146","E","146",71.0999984741211,23,9,"privada"
"147","E","147",60.7000007629395,19,9,"privada"
"148","E","148",50.7999992370605,18,9,"privada"
"149","E","149",48.6000022888184,18,9,"privada"
"150","E","150",49.8999977111816,15,9,"privada"
"151","E","151",79.7000045776367,25,9,"privada"
"152","E","152",85.2999954223633,28,9,"privada"
"153","E","153",53.6999969482422,19,9,"privada"
"154","E","154",45,16,9,"privada"
"155","E","155",51.3999977111816,18,9,"privada"
"156","E","156",75.8000030517578,25,9,"privada"
"157","E","157",79.7000045776367,26,9,"privada"
"158","E","158",86.4000015258789,29,9,"privada"
"159","E","159",50.1000022888184,16,9,"privada"
"160","E","160",67.6999969482422,22,9,"privada"
"161","E","161",49,18,9,"privada"
"162","E","162",38.6999969482422,13,9,"privada"
"163","E","163",57.7000007629395,18,9,"privada"
"164","E","164",56.7999992370605,18,9,"privada"
"165","E","165",47.5,18,9,"privada"
"166","E","166",48.2999992370605,15,9,"privada"
"167","E","167",38.5,12,9,"privada"
"168","E","168",50.2000007629395,18,9,"privada"
"169","E","169",51.5,16,9,"privada"
"170","E","170",42.1999969482422,13,9,"privada"
"171","E","171",39,14,9,"privada"
"172","E","172",27.7999992370605,12,9,"privada"
"173","E","173",63.6999969482422,21,9,"privada"
"174","E","174",67.9000015258789,21,9,"privada"
"175","E","175",45.3000030517578,14,9,"privada"
"176","E","176",63,22,9,"privada"
"177","E","177",42.5,16,9,"privada"
"178","E","178",51.7999992370605,18,9,"privada"
"179","E","179",32.2999992370605,12,9,"privada"
"180","E","180",69.5999984741211,22,9,"privada"
"181","E","181",41.5999984741211,15,9,"privada"
"182","E","182",52.2999992370605,17,9,"privada"
"183","E","183",72.7000045776367,22,9,"privada"
"184","E","184",76.5,23,9,"privada"
"185","E","185",47.2999992370605,17,9,"privada"
"186","E","186",76.4000015258789,26,9,"privada"
"187","E","187",31.5,10,9,"privada"
"188","E","188",72.3999938964844,22,9,"privada"
"189","F","189",24.7000007629395,5,2,"pública"
"190","F","190",41.5999984741211,13,2,"pública"
"191","F","191",73.3000030517578,19,2,"pública"
"192","F","192",61.9000015258789,16,2,"pública"
"193","F","193",61.7999992370605,17,2,"pública"
"194","F","194",72,22,2,"pública"
"195","F","195",26.1999988555908,7,2,"pública"
"196","F","196",51.1000022888184,13,2,"pública"
"197","F","197",80.2999954223633,22,2,"pública"
"198","F","198",29.4000015258789,10,2,"pública"
"199","F","199",60.1000022888184,19,2,"pública"
"200","F","200",40.2000007629395,13,2,"pública"
"201","F","201",28.5,12,2,"pública"
"202","F","202",71.5999984741211,21,2,"pública"
"203","F","203",47.7000007629395,17,2,"pública"
"204","F","204",27,9,2,"pública"
"205","F","205",52.7000007629395,14,2,"pública"
"206","F","206",40.1000022888184,15,2,"pública"
"207","F","207",82.0999984741211,22,2,"pública"
"208","F","208",47.7000007629395,18,2,"pública"
"209","F","209",75.1000061035156,22,2,"pública"
"210","F","210",59,17,2,"pública"
"211","F","211",58,16,2,"pública"
"212","F","212",79.5,21,2,"pública"
"213","F","213",60.4000015258789,21,2,"pública"
"214","F","214",67.6999969482422,23,2,"pública"
"215","F","215",53.4000015258789,14,2,"pública"
"216","F","216",89,26,2,"pública"
"217","F","217",75.7000045776367,22,2,"pública"
"218","F","218",70.3000030517578,20,2,"pública"
"219","G","219",76.1999969482422,22,2,"pública"
"220","G","220",12.3999996185303,5,2,"pública"
"221","G","221",18.8000011444092,6,2,"pública"
"222","G","222",72.2999954223633,22,2,"pública"
"223","G","223",25.5,10,2,"pública"
"224","G","224",66.5,20,2,"pública"
"225","G","225",82.7000045776367,22,2,"pública"
"226","G","226",48.8000030517578,16,2,"pública"
"227","G","227",73,22,2,"pública"
"228","G","228",95.5,28,2,"pública"
"229","G","229",29.5,6,2,"pública"
"230","G","230",22.8999996185303,6,2,"pública"
"231","G","231",97.2999954223633,29,2,"pública"
"232","G","232",21,4,2,"pública"
"233","G","233",40.3000030517578,13,2,"pública"
"234","G","234",45.2000007629395,14,2,"pública"
"235","G","235",39.7999992370605,9,2,"pública"
"236","G","236",52.1999969482422,14,2,"pública"
"237","G","237",32.4000015258789,10,2,"pública"
"238","G","238",75.5999984741211,21,2,"pública"
"239","G","239",26.8000011444092,10,2,"pública"
"240","G","240",78.4000015258789,27,2,"pública"
"241","G","241",91.6999969482422,26,2,"pública"
"242","G","242",40.4000015258789,14,2,"pública"
"243","G","243",41.7000007629395,14,2,"pública"
"244","G","244",34.2999992370605,11,2,"pública"
"245","G","245",44.2999992370605,16,2,"pública"
"246","G","246",63,18,2,"pública"
"247","H","247",73.5,19,20,"privada"
"248","H","248",89.4000015258789,23,20,"privada"
"249","H","249",94.6999969482422,24,20,"privada"
"250","H","250",101.400001525879,28,20,"privada"
"251","H","251",77.1999969482422,21,20,"privada"
"252","H","252",105.299995422363,28,20,"privada"
"253","H","253",92.5,26,20,"privada"
"254","H","254",100,27,20,"privada"
"255","H","255",84.1999969482422,20,20,"privada"
"256","H","256",103.200004577637,29,20,"privada"
"257","H","257",83.4000015258789,20,20,"privada"
"258","H","258",102.399993896484,27,20,"privada"
"259","H","259",89.6999969482422,24,20,"privada"
"260","H","260",80.0999984741211,21,20,"privada"
"261","H","261",95.7999954223633,27,20,"privada"
"262","H","262",95,24,20,"privada"
"263","H","263",103.900001525879,26,20,"privada"
"264","H","264",86.8000030517578,24,20,"privada"
"265","H","265",108,29,20,"privada"
"266","H","266",106.400001525879,30,20,"privada"
"267","H","267",69.3999938964844,16,20,"privada"
"268","H","268",107.5,29,20,"privada"
"269","H","269",99.6999969482422,26,20,"privada"
"270","H","270",90.0999984741211,25,20,"privada"
"271","H","271",103.400001525879,26,20,"privada"
"272","H","272",82.2999954223633,22,20,"privada"
"273","H","273",74.5,20,20,"privada"
"274","H","274",107.5,29,20,"privada"
"275","H","275",99.6999969482422,27,20,"privada"
"276","H","276",106.5,28,20,"privada"
"277","H","277",84.4000015258789,23,20,"privada"
"278","H","278",95.5,27,20,"privada"
"279","H","279",78.1000061035156,22,20,"privada"
"280","H","280",91,23,20,"privada"
"281","H","281",90.0999984741211,22,20,"privada"
"282","I","282",105.5,28,20,"privada"
"283","I","283",90.2000045776367,23,20,"privada"
"284","I","284",98.9000015258789,28,20,"privada"
"285","I","285",63.9000015258789,15,20,"privada"
"286","I","286",69.8000030517578,21,20,"privada"
"287","I","287",90.6000061035156,27,20,"privada"
"288","I","288",101.100006103516,28,20,"privada"
"289","I","289",90.2000045776367,23,20,"privada"
"290","I","290",88.9000015258789,25,20,"privada"
"291","I","291",82,22,20,"privada"
"292","I","292",94.8999938964844,25,20,"privada"
"293","I","293",102.5,26,20,"privada"
"294","I","294",64.1000061035156,18,20,"privada"
"295","I","295",90.3999938964844,23,20,"privada"
"296","I","296",76.5999984741211,22,20,"privada"
"297","I","297",71.1999969482422,21,20,"privada"
"298","I","298",58,16,20,"privada"
"299","I","299",75.5,24,20,"privada"
"300","I","300",88.2000045776367,28,20,"privada"
"301","I","301",92.0999984741211,23,20,"privada"
"302","I","302",79.4000015258789,25,20,"privada"
"303","I","303",101.900001525879,26,20,"privada"
"304","I","304",77,21,20,"privada"
"305","I","305",103.100006103516,29,20,"privada"
"306","I","306",75.0999984741211,18,20,"privada"
"307","I","307",86.5,23,20,"privada"
"308","I","308",82.4000015258789,23,20,"privada"
"309","I","309",100.700004577637,26,20,"privada"
"310","I","310",90.7999954223633,24,20,"privada"
"311","I","311",72.4000015258789,20,20,"privada"
"312","I","312",73.9000015258789,22,20,"privada"
"313","I","313",101.100006103516,26,20,"privada"
"314","I","314",84.7999954223633,21,20,"privada"
"315","I","315",102.300003051758,27,20,"privada"
"316","I","316",46,15,20,"privada"
"317","I","317",42.2999992370605,14,20,"privada"
"318","I","318",106.5,28,20,"privada"
"319","I","319",80.3999938964844,22,20,"privada"
"320","I","320",84.5,25,20,"privada"
"321","I","321",108,30,20,"privada"
"322","I","322",79.5999984741211,19,20,"privada"
"323","I","323",86.1000061035156,24,20,"privada"
"324","I","324",89,24,20,"privada"
"325","I","325",88.4000015258789,25,20,"privada"
"326","AJ","326",55.5999984741211,19,2,"pública"
"327","AJ","327",88.6999969482422,28,2,"pública"
"328","AJ","328",56.5999984741211,20,2,"pública"
"329","AJ","329",67,22,2,"pública"
"330","AJ","330",29.4000015258789,9,2,"pública"
"331","AJ","331",60.2000007629395,21,2,"pública"
"332","AJ","332",72.0999984741211,24,2,"pública"
"333","AJ","333",54.5999984741211,19,2,"pública"
"334","AJ","334",68.0999984741211,21,2,"pública"
"335","AJ","335",64.0999984741211,22,2,"pública"
"336","AJ","336",94.5999984741211,29,2,"pública"
"337","AJ","337",80.8000030517578,22,2,"pública"
"338","AJ","338",95.8000030517578,29,2,"pública"
"339","AJ","339",69,18,2,"pública"
"340","AJ","340",80,25,2,"pública"
"341","AJ","341",72.5,22,2,"pública"
"342","AJ","342",92,26,2,"pública"
"343","AJ","343",90,31,2,"pública"
"344","AJ","344",78.4000015258789,27,2,"pública"
"345","AJ","345",92.7999954223633,28,2,"pública"
"346","AJ","346",80.9000015258789,23,2,"pública"
"347","AJ","347",26.9000015258789,12,2,"pública"
"348","AJ","348",88.5999984741211,24,2,"pública"
"349","AJ","349",81.4000015258789,24,2,"pública"
"350","AJ","350",98.5,27,2,"pública"
"351","AJ","351",71.4000015258789,24,2,"pública"
"352","AJ","352",72.3999938964844,25,2,"pública"
"353","AJ","353",70.2999954223633,24,2,"pública"
"354","AJ","354",93.4000015258789,28,2,"pública"
"355","AJ","355",27.6000003814697,9,2,"pública"
"356","AJ","356",78.8000030517578,27,2,"pública"
"357","AJ","357",20.5,7,2,"pública"
"358","AJ","358",68.5,24,2,"pública"
"359","AA","359",42.2000007629395,8,20,"privada"
"360","AA","360",58.5999984741211,15,20,"privada"
"361","AA","361",91,25,20,"privada"
"362","AA","362",94.0999984741211,25,20,"privada"
"363","AA","363",100.299995422363,26,20,"privada"
"364","AA","364",77.4000015258789,19,20,"privada"
"365","AA","365",65.6999969482422,15,20,"privada"
"366","AA","366",64,16,20,"privada"
"367","AA","367",54.1000022888184,12,20,"privada"
"368","AA","368",104.599998474121,28,20,"privada"
"369","AA","369",54.7000007629395,12,20,"privada"
"370","AA","370",63.5,14,20,"privada"
"371","AA","371",59.9000015258789,16,20,"privada"
"372","AA","372",48.9000015258789,13,20,"privada"
"373","AA","373",56.5,14,20,"privada"
"374","AA","374",97.8999938964844,25,20,"privada"
"375","AA","375",62.7999992370605,14,20,"privada"
"376","AA","376",64.1000061035156,17,20,"privada"
"377","AA","377",38.5999984741211,8,20,"privada"
"378","AA","378",45.5,10,20,"privada"
"379","AA","379",102.5,28,20,"privada"
"380","AA","380",49.5,11,20,"privada"
"381","AA","381",51.8000030517578,11,20,"privada"
"382","AA","382",48.3000030517578,13,20,"privada"
"383","AA","383",81.6999969482422,22,20,"privada"
"384","AA","384",42.2000007629395,10,20,"privada"
"385","AA","385",44.3000030517578,10,20,"privada"
"386","AA","386",76,20,20,"privada"
"387","AA","387",59.3000030517578,16,20,"privada"
"388","AA","388",42.7000007629395,9,20,"privada"
"389","AA","389",53.7999992370605,13,20,"privada"
"390","AA","390",88,25,20,"privada"
"391","AA","391",96,26,20,"privada"
"392","AA","392",64.9000015258789,18,20,"privada"
"393","AA","393",51.4000015258789,11,20,"privada"
"394","AA","394",58.7999992370605,14,20,"privada"
"395","AA","395",71.0999984741211,19,20,"privada"
"396","AA","396",79.6999969482422,22,20,"privada"
"397","AA","397",68.6999969482422,18,20,"privada"
"398","AA","398",40.2000007629395,9,20,"privada"
"399","AA","399",85.0999984741211,21,20,"privada"
"400","AA","400",61.6000022888184,14,20,"privada"
"401","AA","401",56,15,20,"privada"
"402","AA","402",71.6999969482422,19,20,"privada"
"403","AA","403",69.3999938964844,16,20,"privada"
"404","AA","404",62.5,14,20,"privada"
"405","AA","405",63.7000007629395,17,20,"privada"
"406","AA","406",71.0999984741211,18,20,"privada"
"407","AA","407",83.8000030517578,23,20,"privada"
"408","AA","408",54.7000007629395,14,20,"privada"
"409","AA","409",66.3000030517578,18,20,"privada"
"410","AA","410",59.9000015258789,13,20,"privada"
"411","AA","411",90.2999954223633,23,20,"privada"
"412","AA","412",101.100006103516,26,20,"privada"
"413","AA","413",82.5999984741211,22,20,"privada"
"414","AA","414",51.8000030517578,11,20,"privada"
"415","AA","415",47.5,11,20,"privada"
"416","AB","416",59,20,18,"privada"
"417","AB","417",39.9000015258789,11,18,"privada"
"418","AB","418",39.5999984741211,10,18,"privada"
"419","AB","419",43.5,11,18,"privada"
"420","AB","420",45.3000030517578,14,18,"privada"
"421","AB","421",86.5,27,18,"privada"
"422","AB","422",93.8000030517578,29,18,"privada"
"423","AB","423",33.2000007629395,8,18,"privada"
"424","AB","424",73.5999984741211,26,18,"privada"
"425","AB","425",77.6999969482422,22,18,"privada"
"426","AB","426",75.1000061035156,21,18,"privada"
"427","AB","427",48.8999977111816,13,18,"privada"
"428","AB","428",87.7999954223633,24,18,"privada"
"429","AB","429",80.5,24,18,"privada"
"430","AB","430",81.3000030517578,28,18,"privada"
"431","AB","431",20.5,5,18,"privada"
"432","AB","432",86.4000015258789,24,18,"privada"
"433","AB","433",80.6999969482422,28,18,"privada"
"434","AB","434",65.3000030517578,20,18,"privada"
"435","AB","435",64.5,21,18,"privada"
"436","AB","436",52.0999984741211,18,18,"privada"
"437","AB","437",74,26,18,"privada"
"438","AB","438",24.7999992370605,11,18,"privada"
"439","AB","439",84.8999938964844,26,18,"privada"
"440","AB","440",65,17,18,"privada"
"441","AB","441",68.8000030517578,19,18,"privada"
"442","AB","442",92.9000015258789,25,18,"privada"
"443","AB","443",93.5,28,18,"privada"
"444","AB","444",60.1000022888184,17,18,"privada"
"445","AB","445",72.2000045776367,24,18,"privada"
"446","AB","446",97.5,28,18,"privada"
"447","AB","447",84.3000030517578,28,18,"privada"
"448","AB","448",51.7999992370605,15,18,"privada"
"449","AB","449",49.2000007629395,18,18,"privada"
"450","AB","450",54.5999984741211,19,18,"privada"
"451","AB","451",70.7000045776367,21,18,"privada"
"452","AB","452",82.6000061035156,28,18,"privada"
"453","AB","453",75.1999969482422,20,18,"privada"
"454","AB","454",74.8000030517578,21,18,"privada"
"455","AB","455",39.4000015258789,13,18,"privada"
"456","AB","456",60.9000015258789,21,18,"privada"
"457","AB","457",28,6,18,"privada"
"458","AB","458",79.8999938964844,21,18,"privada"
"459","AB","459",97.9000015258789,29,18,"privada"
"460","AB","460",38.4000015258789,15,18,"privada"
"461","AB","461",79.4000015258789,21,18,"privada"
"462","AB","462",43.8999977111816,15,18,"privada"
"463","AB","463",58.2000007629395,18,18,"privada"
"464","AB","464",45.5999984741211,14,18,"privada"
"465","AB","465",32.9000015258789,11,18,"privada"
"466","AB","466",41.1000022888184,13,18,"privada"
"467","AB","467",77.1999969482422,24,18,"privada"
"468","AB","468",75,20,18,"privada"
"469","AB","469",19.8999996185303,9,18,"privada"
"470","AB","470",82.6000061035156,25,18,"privada"
"471","AB","471",99.5,29,18,"privada"
"472","AB","472",72.0999984741211,21,18,"privada"
"473","AB","473",61.3000030517578,21,18,"privada"
"474","AB","474",64.2999954223633,18,18,"privada"
"475","AB","475",91,27,18,"privada"
"476","AB","476",78.1000061035156,26,18,"privada"
"477","AB","477",34.0999984741211,14,18,"privada"
"478","AC","478",34.5999984741211,13,2,"pública"
"479","AC","479",71,23,2,"pública"
"480","AC","480",35.5999984741211,13,2,"pública"
"481","AC","481",14.4000005722046,8,2,"pública"
"482","AC","482",30.3000030517578,12,2,"pública"
"483","AC","483",47.9000015258789,15,2,"pública"
"484","AC","484",90.8000030517578,28,2,"pública"
"485","AC","485",32.5,7,2,"pública"
"486","AC","486",23.5,9,2,"pública"
"487","AC","487",33.0999984741211,11,2,"pública"
"488","AC","488",78.8000030517578,23,2,"pública"
"489","AC","489",60.5999984741211,17,2,"pública"
"490","AC","490",35.7999992370605,13,2,"pública"
"491","AC","491",36.7999992370605,13,2,"pública"
"492","AC","492",70.5,19,2,"pública"
"493","AC","493",62.5,17,2,"pública"
"494","AC","494",25.3999996185303,8,2,"pública"
"495","AC","495",24.4000015258789,10,2,"pública"
"496","AC","496",52,18,2,"pública"
"497","AC","497",26.1999988555908,5,2,"pública"
"498","AC","498",37.8000030517578,15,2,"pública"
"499","AC","499",57.8000030517578,19,2,"pública"
"500","AC","500",91.1999969482422,25,2,"pública"
"501","AC","501",12.3000001907349,5,2,"pública"
"502","AC","502",42.9000015258789,14,2,"pública"
"503","AC","503",23.3999996185303,9,2,"pública"
"504","AC","504",13.5999984741211,6,2,"pública"
"505","AC","505",38,12,2,"pública"
"506","AC","506",30.5000019073486,10,2,"pública"
"507","AC","507",50.5999984741211,13,2,"pública"
"508","AC","508",33.8999977111816,13,2,"pública"
"509","AC","509",19.3000011444092,9,2,"pública"
"510","AC","510",51.3999977111816,14,2,"pública"
"511","AC","511",56.9000015258789,17,2,"pública"
"512","AC","512",25.6999988555908,10,2,"pública"
"513","AC","513",85.9000015258789,29,2,"pública"
"514","AC","514",57.3999977111816,20,2,"pública"
"515","AC","515",79.7999954223633,24,2,"pública"
"516","AC","516",29.1000003814697,11,2,"pública"
"517","AC","517",42.5,11,2,"pública"
"518","AC","518",58.6999969482422,20,2,"pública"
"519","AC","519",33.2999992370605,11,2,"pública"
"520","AC","520",52.6000022888184,16,2,"pública"
"521","AC","521",59.8999977111816,15,2,"pública"
"522","AC","522",62.7000007629395,17,2,"pública"
"523","AC","523",23.2999992370605,10,2,"pública"
"524","AC","524",30.7999992370605,13,2,"pública"
"525","AC","525",43.8999977111816,11,2,"pública"
"526","AC","526",47.6000022888184,13,2,"pública"
"527","AC","527",43,15,2,"pública"
"528","AC","528",34.7999992370605,12,2,"pública"
"529","AC","529",36.4000015258789,11,2,"pública"
"530","AC","530",51.1000022888184,16,2,"pública"
"531","AD","531",40.5999984741211,10,2,"pública"
"532","AD","532",58.6999969482422,15,2,"pública"
"533","AD","533",44.5,12,2,"pública"
"534","AD","534",30.2000007629395,12,2,"pública"
"535","AD","535",56.7000007629395,17,2,"pública"
"536","AD","536",17,8,2,"pública"
"537","AD","537",38.6999969482422,14,2,"pública"
"538","AD","538",24.5,6,2,"pública"
"539","AD","539",39.4000015258789,10,2,"pública"
"540","AD","540",37.7000007629395,13,2,"pública"
"541","AD","541",10.5,5,2,"pública"
"542","AD","542",33.5,10,2,"pública"
"543","AD","543",32.2999992370605,11,2,"pública"
"544","AD","544",40.5999984741211,16,2,"pública"
"545","AD","545",28.9000015258789,11,2,"pública"
"546","AD","546",100,28,2,"pública"
"547","AD","547",78.9000015258789,24,2,"pública"
"548","AD","548",70.2000045776367,24,2,"pública"
"549","AD","549",39,14,2,"pública"
"550","AD","550",24.8999996185303,10,2,"pública"
"551","AD","551",35.9000015258789,13,2,"pública"
"552","AD","552",51.7999992370605,18,2,"pública"
"553","AD","553",15.1000003814697,6,2,"pública"
"554","AD","554",60.1000022888184,22,2,"pública"
"555","AD","555",21.8000011444092,5,2,"pública"
"556","AD","556",76.8999938964844,25,2,"pública"
"557","AD","557",45.4000015258789,11,2,"pública"
"558","AE","558",59.8999977111816,19,9,"privada"
"559","AE","559",77,25,9,"privada"
"560","AE","560",83.8000030517578,27,9,"privada"
"561","AE","561",66.5999984741211,23,9,"privada"
"562","AE","562",47.0999984741211,16,9,"privada"
"563","AE","563",85.6999969482422,27,9,"privada"
"564","AE","564",80,23,9,"privada"
"565","AE","565",70.4000015258789,20,9,"privada"
"566","AE","566",76.1999969482422,20,9,"privada"
"567","AE","567",69.0999984741211,18,9,"privada"
"568","AE","568",76.0999984741211,26,9,"privada"
"569","AE","569",32.2999992370605,10,9,"privada"
"570","AE","570",91.8000030517578,27,9,"privada"
"571","AE","571",78.9000015258789,27,9,"privada"
"572","AE","572",48.5,17,9,"privada"
"573","AE","573",78.6999969482422,26,9,"privada"
"574","AE","574",98.5,30,9,"privada"
"575","AE","575",31.1999988555908,9,9,"privada"
"576","AE","576",68.0999984741211,20,9,"privada"
"577","AE","577",95.2999954223633,28,9,"privada"
"578","AE","578",92.0999984741211,26,9,"privada"
"579","AE","579",51.1000022888184,14,9,"privada"
"580","AE","580",60.9000015258789,21,9,"privada"
"581","AE","581",51.7000007629395,19,9,"privada"
"582","AE","582",39.4000015258789,13,9,"privada"
"583","AE","583",90.2000045776367,26,9,"privada"
"584","AE","584",71.0999984741211,24,9,"privada"
"585","AE","585",94.5,26,9,"privada"
"586","AE","586",63.2999992370605,16,9,"privada"
"587","AE","587",97.9000015258789,29,9,"privada"
"588","AE","588",71.5,23,9,"privada"
"589","AE","589",42.7000007629395,13,9,"privada"
"590","AE","590",40.5,13,9,"privada"
"591","AE","591",75.5,20,9,"privada"
"592","AE","592",88.5,30,9,"privada"
"593","AE","593",93.1000061035156,26,9,"privada"
"594","AE","594",80.6000061035156,23,9,"privada"
"595","AE","595",73.2000045776367,21,9,"privada"
"596","AE","596",60.1000022888184,17,9,"privada"
"597","AE","597",55.5,18,9,"privada"
"598","AE","598",38.6000022888184,12,9,"privada"
"599","AE","599",88.5,28,9,"privada"
"600","AE","600",53.2000007629395,14,9,"privada"
"601","AE","601",53.2999992370605,17,9,"privada"
"602","AE","602",80.2000045776367,28,9,"privada"
"603","AE","603",69.8000030517578,23,9,"privada"
"604","AE","604",24,7,9,"privada"
"605","AE","605",95,29,9,"privada"
"606","AE","606",47.9000015258789,18,9,"privada"
"607","AE","607",76.3000030517578,26,9,"privada"
"608","AE","608",65.1999969482422,23,9,"privada"
"609","AE","609",77.5,24,9,"privada"
"610","AE","610",87.6000061035156,27,9,"privada"
"611","AF","611",63.2999992370605,19,2,"pública"
"612","AF","612",71.4000015258789,22,2,"pública"
"613","AF","613",41.1000022888184,13,2,"pública"
"614","AF","614",53.2999992370605,15,2,"pública"
"615","AF","615",68.0999984741211,21,2,"pública"
"616","AF","616",52.5,16,2,"pública"
"617","AF","617",58.2999992370605,20,2,"pública"
"618","AF","618",94.5999984741211,27,2,"pública"
"619","AF","619",50.1000022888184,15,2,"pública"
"620","AF","620",95.1000061035156,27,2,"pública"
"621","AF","621",60.3000030517578,20,2,"pública"
"622","AF","622",91.5999984741211,28,2,"pública"
"623","AF","623",64.2999954223633,18,2,"pública"
"624","AF","624",97,30,2,"pública"
"625","AF","625",31.7000007629395,10,2,"pública"
"626","AF","626",62.3999977111816,21,2,"pública"
"627","AF","627",44.7999992370605,12,2,"pública"
"628","AF","628",71.8000030517578,24,2,"pública"
"629","AF","629",67.3000030517578,21,2,"pública"
"630","AF","630",84,26,2,"pública"
"631","AF","631",78.3000030517578,22,2,"pública"
"632","AF","632",87.6000061035156,26,2,"pública"
"633","AF","633",83.1000061035156,28,2,"pública"
"634","AF","634",74.2999954223633,22,2,"pública"
"635","AF","635",49.5,15,2,"pública"
"636","AF","636",63.6999969482422,19,2,"pública"
"637","AF","637",51.7999992370605,16,2,"pública"
"638","AF","638",32.8000030517578,11,2,"pública"
"639","AG","639",65.4000015258789,20,2,"pública"
"640","AG","640",90,31,2,"pública"
"641","AG","641",78.8000030517578,24,2,"pública"
"642","AG","642",92.3999938964844,28,2,"pública"
"643","AG","643",64,17,2,"pública"
"644","AG","644",97.2999954223633,27,2,"pública"
"645","AG","645",96.8000030517578,27,2,"pública"
"646","AG","646",87.2000045776367,26,2,"pública"
"647","AG","647",84.3999938964844,29,2,"pública"
"648","AG","648",50.1000022888184,18,2,"pública"
"649","AG","649",73.2000045776367,21,2,"pública"
"650","AG","650",86.0999984741211,27,2,"pública"
"651","AG","651",66.9000015258789,23,2,"pública"
"652","AG","652",68.4000015258789,18,2,"pública"
"653","AG","653",78.0999984741211,21,2,"pública"
"654","AG","654",78.5,25,2,"pública"
"655","AG","655",60.5999984741211,17,2,"pública"
"656","AG","656",91.8000030517578,26,2,"pública"
"657","AG","657",45.5999984741211,16,2,"pública"
"658","AG","658",70.6000061035156,24,2,"pública"
"659","AG","659",93.4000015258789,26,2,"pública"
"660","AG","660",81.4000015258789,26,2,"pública"
"661","AG","661",59,19,2,"pública"
"662","AG","662",76,26,2,"pública"
"663","AG","663",98.5,30,2,"pública"
"664","AG","664",82.2999954223633,28,2,"pública"
"665","AG","665",27.7000007629395,9,2,"pública"
"666","AG","666",60.5999984741211,19,2,"pública"
"667","AG","667",64.5999984741211,18,2,"pública"
"668","AH","668",100,31,2,"pública"
"669","AH","669",44.6999969482422,15,2,"pública"
"670","AH","670",82.9000015258789,25,2,"pública"
"671","AH","671",88.8000030517578,26,2,"pública"
"672","AH","672",80.1000061035156,23,2,"pública"
"673","AH","673",60.2000007629395,16,2,"pública"
"674","AH","674",51,15,2,"pública"
"675","AH","675",92.3999938964844,26,2,"pública"
"676","AH","676",23.5999984741211,10,2,"pública"
"677","AH","677",39.5999984741211,13,2,"pública"
"678","AH","678",86.6999969482422,28,2,"pública"
"679","AH","679",42.1999969482422,11,2,"pública"
"680","AH","680",53.6000022888184,16,2,"pública"
"681","AH","681",41,16,2,"pública"
"682","AH","682",52,16,2,"pública"
"683","AH","683",94.3000030517578,27,2,"pública"
"684","AH","684",66.7999954223633,22,2,"pública"
"685","AH","685",26.9000015258789,11,2,"pública"
"686","AH","686",91.0999984741211,28,2,"pública"
"687","AH","687",36.7000007629395,15,2,"pública"
"688","AH","688",41.3000030517578,15,2,"pública"
"689","AH","689",41.3000030517578,16,2,"pública"
"690","AH","690",82.2000045776367,28,2,"pública"
"691","AH","691",52.5,15,2,"pública"
"692","AH","692",81.0999984741211,23,2,"pública"
"693","AH","693",54.6999969482422,19,2,"pública"
"694","AH","694",59.6999969482422,20,2,"pública"
"695","AH","695",83.1999969482422,22,2,"pública"
"696","AH","696",92.5,27,2,"pública"
"697","AH","697",69.0999984741211,21,2,"pública"
"698","AH","698",28.9000015258789,9,2,"pública"
"699","AH","699",40.7999992370605,16,2,"pública"
"700","AH","700",70.4000015258789,20,2,"pública"
"701","AH","701",49.4000015258789,17,2,"pública"
"702","AH","702",46.1000022888184,13,2,"pública"
"703","AH","703",31.3000011444092,13,2,"pública"
"704","AH","704",27.7000007629395,10,2,"pública"
"705","AH","705",61.7999992370605,17,2,"pública"
"706","AH","706",84.7000045776367,24,2,"pública"
"707","AI","707",74.4000015258789,21,2,"pública"
"708","AI","708",65.5,17,2,"pública"
"709","AI","709",46.3999977111816,16,2,"pública"
"710","AI","710",78.4000015258789,27,2,"pública"
"711","AI","711",38.6999969482422,13,2,"pública"
"712","AI","712",41.3000030517578,12,2,"pública"
"713","AI","713",81.1999969482422,25,2,"pública"
"714","AI","714",72.3999938964844,22,2,"pública"
"715","AI","715",61.5,17,2,"pública"
"716","AI","716",74,23,2,"pública"
"717","AI","717",45.5,11,2,"pública"
"718","AI","718",84.5999984741211,28,2,"pública"
"719","AI","719",43.2000007629395,13,2,"pública"
"720","AI","720",45.2000007629395,14,2,"pública"
"721","AI","721",52.1999969482422,14,2,"pública"
"722","AI","722",32.1999969482422,10,2,"pública"
"723","AI","723",44.7999992370605,17,2,"pública"
"724","AI","724",46.3000030517578,12,2,"pública"
"725","AI","725",70.5999984741211,20,2,"pública"
"726","AI","726",72.8000030517578,22,2,"pública"
"727","AI","727",26.6000003814697,8,2,"pública"
"728","AI","728",63.0999984741211,21,2,"pública"
"729","AI","729",67,21,2,"pública"
"730","AI","730",65,23,2,"pública"
"731","AI","731",85.4000015258789,26,2,"pública"
"732","AI","732",52.5,19,2,"pública"
"733","AI","733",36.4000015258789,11,2,"pública"
"734","AI","734",42,12,2,"pública"
"735","AI","735",22.1000003814697,7,2,"pública"
"736","AI","736",73.2000045776367,19,2,"pública"
"737","AI","737",98,30,2,"pública"
"738","AI","738",26.0999984741211,9,2,"pública"
"739","AI","739",91.8999938964844,25,2,"pública"
"740","AI","740",59.7999992370605,18,2,"pública"
"741","AI","741",43.8999977111816,13,2,"pública"
"742","AI","742",54.2999992370605,15,2,"pública"
"743","AI","743",57.8000030517578,18,2,"pública"
"744","AI","744",73.1999969482422,25,2,"pública"
"745","AI","745",96.4000015258789,26,2,"pública"
"746","AI","746",30.9000015258789,12,2,"pública"
"747","AI","747",37.8000030517578,15,2,"pública"
"748","AI","748",54.7999992370605,17,2,"pública"
"749","AI","749",84.7000045776367,24,2,"pública"
"750","AI","750",76,22,2,"pública"
"751","AI","751",65.9000015258789,21,2,"pública"
"752","AI","752",51.3999977111816,17,2,"pública"
"753","AI","753",57.9000015258789,16,2,"pública"
"754","BJ","754",87.5,24,9,"privada"
"755","BJ","755",67.3999938964844,24,9,"privada"
"756","BJ","756",35.5999984741211,13,9,"privada"
"757","BJ","757",64.8000030517578,18,9,"privada"
"758","BJ","758",57.7000007629395,19,9,"privada"
"759","BJ","759",69.1999969482422,21,9,"privada"
"760","BJ","760",76.1999969482422,20,9,"privada"
"761","BJ","761",95.6000061035156,26,9,"privada"
"762","BJ","762",96.6999969482422,27,9,"privada"
"763","BJ","763",41,13,9,"privada"
"764","BJ","764",71.3000030517578,24,9,"privada"
"765","BJ","765",91.8000030517578,27,9,"privada"
"766","BJ","766",88.5999984741211,26,9,"privada"
"767","BJ","767",84.7000045776367,29,9,"privada"
"768","BJ","768",39.2999992370605,15,9,"privada"
"769","BJ","769",81.5999984741211,26,9,"privada"
"770","BJ","770",30.5999984741211,11,9,"privada"
"771","BJ","771",78.8000030517578,23,9,"privada"
"772","BJ","772",53.6999969482422,17,9,"privada"
"773","BJ","773",69.1999969482422,21,9,"privada"
"774","BJ","774",75.8000030517578,23,9,"privada"
"775","BJ","775",80.6999969482422,26,9,"privada"
"776","BJ","776",77.6000061035156,21,9,"privada"
"777","BJ","777",61.1000022888184,16,9,"privada"
"778","BJ","778",48,15,9,"privada"
"779","BJ","779",94.7999954223633,26,9,"privada"
"780","BJ","780",59.5,21,9,"privada"
"781","BJ","781",28.5999984741211,10,9,"privada"
"782","BJ","782",50,15,9,"privada"
"783","BJ","783",65.8000030517578,20,9,"privada"
"784","BJ","784",41.3000030517578,13,9,"privada"
"785","BJ","785",53.6999969482422,14,9,"privada"
"786","BJ","786",39,12,9,"privada"
"787","BJ","787",68.6999969482422,21,9,"privada"
"788","BJ","788",32.2999992370605,12,9,"privada"
"789","BJ","789",59,19,9,"privada"
"790","BJ","790",74.5999984741211,25,9,"privada"
"791","BJ","791",76.6999969482422,24,9,"privada"
"792","BJ","792",69.5999984741211,21,9,"privada"
"793","BJ","793",35.9000015258789,12,9,"privada"
"794","BJ","794",60.5999984741211,17,9,"privada"
"795","BJ","795",64.2999954223633,20,9,"privada"
"796","BJ","796",85.8000030517578,29,9,"privada"
"797","BJ","797",80.6000061035156,25,9,"privada"
"798","BJ","798",65.3000030517578,22,9,"privada"
"799","BJ","799",87.5,25,9,"privada"
"800","BJ","800",99.1999969482422,28,9,"privada"
"801","BJ","801",78.5999984741211,25,9,"privada"
"802","BJ","802",91.0999984741211,28,9,"privada"
"803","BJ","803",91.8999938964844,27,9,"privada"
"804","BJ","804",52.7000007629395,14,9,"privada"
"805","BJ","805",56.5999984741211,17,9,"privada"
"806","BJ","806",97,27,9,"privada"
"807","BJ","807",66.5,21,9,"privada"
"808","BJ","808",65.1999969482422,21,9,"privada"
"809","BJ","809",73.4000015258789,25,9,"privada"
"810","BJ","810",51.3000030517578,18,9,"privada"
"811","BJ","811",76.5999984741211,23,9,"privada"
"812","BJ","812",61,22,9,"privada"
"813","BJ","813",27,10,9,"privada"
"814","BA","814",28.5,9,10,"privada"
"815","BA","815",30.7999992370605,13,10,"privada"
"816","BA","816",36.7000007629395,14,10,"privada"
"817","BA","817",48,17,10,"privada"
"818","BA","818",30.3000030517578,12,10,"privada"
"819","BA","819",47.8000030517578,18,10,"privada"
"820","BA","820",41.7000007629395,13,10,"privada"
"821","BA","821",38.4000015258789,12,10,"privada"
"822","BA","822",78.3000030517578,26,10,"privada"
"823","BA","823",28.5999984741211,12,10,"privada"
"824","BA","824",57.6000022888184,19,10,"privada"
"825","BA","825",55.3000030517578,17,10,"privada"
"826","BA","826",43.2999992370605,15,10,"privada"
"827","BA","827",33.6000022888184,12,10,"privada"
"828","BA","828",63.6999969482422,21,10,"privada"
"829","BA","829",48.2000007629395,15,10,"privada"
"830","BA","830",27.7999992370605,11,10,"privada"
"831","BA","831",32.1999969482422,10,10,"privada"
"832","BA","832",29.1000003814697,11,10,"privada"
"833","BA","833",71.5,25,10,"privada"
"834","BA","834",24.1000003814697,8,10,"privada"
"835","BA","835",42.2999992370605,15,10,"privada"
"836","BA","836",54,19,10,"privada"
"837","BA","837",64.6999969482422,22,10,"privada"
"838","BA","838",26.8000011444092,10,10,"privada"
"839","BA","839",37.7000007629395,13,10,"privada"
"840","BA","840",53.0999984741211,18,10,"privada"
"841","BA","841",48.4000015258789,16,10,"privada"
"842","BA","842",54.5,20,10,"privada"
"843","BA","843",44.6999969482422,14,10,"privada"
"844","BA","844",31.5999984741211,12,10,"privada"
"845","BA","845",25.3999996185303,11,10,"privada"
"846","BA","846",42.2999992370605,13,10,"privada"
"847","BA","847",35.9000015258789,13,10,"privada"
"848","BA","848",36,14,10,"privada"
"849","BA","849",65,20,10,"privada"
"850","BA","850",25.5999984741211,9,10,"privada"
"851","BA","851",30.2000007629395,11,10,"privada"
"852","BA","852",64.0999984741211,22,10,"privada"
"853","BA","853",70.4000015258789,24,10,"privada"
"854","BA","854",57.0999984741211,20,10,"privada"
"855","BA","855",31.7000007629395,13,10,"privada"
"856","BA","856",58.6000022888184,18,10,"privada"
"857","BA","857",13.6999988555908,8,10,"privada"
"858","BA","858",30.9000015258789,11,10,"privada"
"859","BA","859",49.7999992370605,17,10,"privada"
"860","BA","860",33.0999984741211,11,10,"privada"
"861","BA","861",34.0999984741211,14,10,"privada"
"862","BA","862",54.8999977111816,17,10,"privada"
"863","BA","863",59.2000007629395,18,10,"privada"
"864","BA","864",42.3999977111816,13,10,"privada"
"865","BA","865",71.6999969482422,22,10,"privada"
"866","BA","866",59.8999977111816,18,10,"privada"
"867","BA","867",52.8000030517578,18,10,"privada"
"868","BA","868",49.8999977111816,17,10,"privada"
"869","BA","869",83.5,26,10,"privada"
"870","BA","870",44.4000015258789,14,10,"privada"
"871","BA","871",26.7000007629395,12,10,"privada"
"872","BA","872",80.6999969482422,26,10,"privada"
"873","BA","873",34.2000007629395,11,10,"privada"
"874","BA","874",36.1999969482422,12,10,"privada"
"875","BB","875",65.5,21,10,"privada"
"876","BB","876",55.2000007629395,20,10,"privada"
"877","BB","877",62.1999969482422,22,10,"privada"
"878","BB","878",55,20,10,"privada"
"879","BB","879",47.9000015258789,18,10,"privada"
"880","BB","880",44.0999984741211,16,10,"privada"
"881","BB","881",15.6999988555908,5,10,"privada"
"882","BB","882",68.3000030517578,23,10,"privada"
"883","BB","883",62,20,10,"privada"
"884","BB","884",64.8000030517578,20,10,"privada"
"885","BB","885",54.0999984741211,17,10,"privada"
"886","BB","886",65.1999969482422,22,10,"privada"
"887","BB","887",37.1999969482422,12,10,"privada"
"888","BB","888",30.2000007629395,12,10,"privada"
"889","BB","889",37,15,10,"privada"
"890","BB","890",26.4000015258789,10,10,"privada"
"891","BB","891",30,13,10,"privada"
"892","BB","892",59.5999984741211,21,10,"privada"
"893","BB","893",34.5999984741211,12,10,"privada"
"894","BB","894",52.6000022888184,19,10,"privada"
"895","BB","895",53.8000030517578,19,10,"privada"
"896","BB","896",49.5999984741211,18,10,"privada"
"897","BB","897",53.4000015258789,18,10,"privada"
"898","BB","898",61.5999984741211,21,10,"privada"
"899","BB","899",51,18,10,"privada"
"900","BB","900",36.5999984741211,12,10,"privada"
"901","BB","901",39,15,10,"privada"
"902","BB","902",47.6000022888184,18,10,"privada"
"903","BB","903",48.8000030517578,17,10,"privada"
"904","BB","904",53.8999977111816,19,10,"privada"
"905","BB","905",33.0999984741211,11,10,"privada"
"906","BB","906",48.8000030517578,17,10,"privada"
"907","BB","907",58.2000007629395,20,10,"privada"
"908","BB","908",24.6000003814697,9,10,"privada"
"909","BB","909",64,20,10,"privada"
"910","BB","910",58.8000030517578,21,10,"privada"
"911","BB","911",50,17,10,"privada"
"912","BB","912",36.9000015258789,15,10,"privada"
"913","BB","913",24.5,9,10,"privada"
"914","BB","914",57.5,20,10,"privada"
"915","BB","915",62.2999992370605,20,10,"privada"
"916","BB","916",47.9000015258789,15,10,"privada"
"917","BB","917",47.1999969482422,18,10,"privada"
"918","BB","918",63.8999977111816,23,10,"privada"
"919","BB","919",71.5,23,10,"privada"
"920","BB","920",49.7999992370605,16,10,"privada"
"921","BB","921",45.2000007629395,15,10,"privada"
"922","BB","922",46.9000015258789,17,10,"privada"
"923","BB","923",37.8000030517578,14,10,"privada"
"924","BB","924",61.1999969482422,20,10,"privada"
"925","BB","925",56.7000007629395,21,10,"privada"
"926","BB","926",65.9000015258789,21,10,"privada"
"927","BB","927",58.6999969482422,21,10,"privada"
"928","BB","928",47.2999992370605,17,10,"privada"
"929","BB","929",49.2999992370605,16,10,"privada"
"930","BB","930",79.5999984741211,25,10,"privada"
"931","BB","931",51.9000015258789,18,10,"privada"
"932","BB","932",67.9000015258789,21,10,"privada"
"933","BB","933",65.5,21,10,"privada"
"934","BB","934",58.6000022888184,19,10,"privada"
"935","BB","935",40.3000030517578,14,10,"privada"
"936","BB","936",16.9000015258789,9,10,"privada"
"937","BB","937",15.8999996185303,5,10,"privada"
"938","BB","938",60.2000007629395,22,10,"privada"
"939","BB","939",51.7000007629395,17,10,"privada"
"940","BB","940",61.7000007629395,21,10,"privada"
"941","BB","941",76,25,10,"privada"
"942","BC","942",98.3000030517578,30,2,"pública"
"943","BC","943",96.4000015258789,28,2,"pública"
"944","BC","944",68.8000030517578,21,2,"pública"
"945","BC","945",96.3000030517578,28,2,"pública"
"946","BC","946",98.1000061035156,29,2,"pública"
"947","BC","947",60.7999992370605,20,2,"pública"
"948","BC","948",82.3999938964844,23,2,"pública"
"949","BC","949",31.3999977111816,11,2,"pública"
"950","BC","950",76.6999969482422,26,2,"pública"
"951","BC","951",48.4000015258789,15,2,"pública"
"952","BC","952",100,31,2,"pública"
"953","BC","953",76.5,25,2,"pública"
"954","BC","954",66,20,2,"pública"
"955","BC","955",80.8000030517578,28,2,"pública"
"956","BC","956",74.3000030517578,23,2,"pública"
"957","BC","957",53.0999984741211,13,2,"pública"
"958","BC","958",89.1999969482422,26,2,"pública"
"959","BC","959",89.1999969482422,27,2,"pública"
"960","BC","960",72.0999984741211,22,2,"pública"
"961","BC","961",55.1000022888184,15,2,"pública"
"962","BC","962",42.2999992370605,10,2,"pública"
"963","BC","963",68.6999969482422,21,2,"pública"
"964","BC","964",57.6000022888184,21,2,"pública"
"965","BC","965",76.8000030517578,27,2,"pública"
"966","BC","966",94.7999954223633,27,2,"pública"
"967","BC","967",68.2000045776367,20,2,"pública"
"968","BC","968",89.7999954223633,27,2,"pública"
"969","BC","969",51,17,2,"pública"
"970","BC","970",78.8000030517578,25,2,"pública"
"971","BC","971",89.0999984741211,27,2,"pública"
"972","BC","972",47.2999992370605,16,2,"pública"
"973","BC","973",67.8000030517578,21,2,"pública"
"974","BC","974",61.9000015258789,19,2,"pública"
"975","BC","975",71.6999969482422,21,2,"pública"
"976","BC","976",58.6999969482422,16,2,"pública"
"977","BC","977",49.8999977111816,17,2,"pública"
"978","BC","978",71.4000015258789,23,2,"pública"
"979","BC","979",70,22,2,"pública"
"980","BC","980",91.8000030517578,28,2,"pública"
"981","BC","981",53.8999977111816,17,2,"pública"
"982","BC","982",50.7000007629395,17,2,"pública"
"983","BC","983",38.2999992370605,12,2,"pública"
"984","BC","984",80.6999969482422,23,2,"pública"
"985","BC","985",94,27,2,"pública"
"986","BC","986",51.5999984741211,16,2,"pública"
"987","BC","987",90,28,2,"pública"
"988","BC","988",60.9000015258789,17,2,"pública"
"989","BD","989",79.7000045776367,24,9,"privada"
"990","BD","990",58.6000022888184,21,9,"privada"
"991","BD","991",73.3000030517578,22,9,"privada"
"992","BD","992",40.9000015258789,13,9,"privada"
"993","BD","993",46.7000007629395,14,9,"privada"
"994","BD","994",83.3000030517578,28,9,"privada"
"995","BD","995",84.3999938964844,29,9,"privada"
"996","BD","996",83.5999984741211,29,9,"privada"
"997","BD","997",67.6999969482422,23,9,"privada"
"998","BD","998",53.0999984741211,16,9,"privada"
"999","BD","999",73.3000030517578,26,9,"privada"
"1000","BD","1000",53.8000030517578,19,9,"privada"
"1001","BD","1001",83.4000015258789,26,9,"privada"
"1002","BD","1002",32.7000007629395,10,9,"privada"
"1003","BD","1003",44.6999969482422,17,9,"privada"
"1004","BD","1004",88.5999984741211,28,9,"privada"
"1005","BD","1005",57.6000022888184,19,9,"privada"
"1006","BD","1006",79.8999938964844,27,9,"privada"
"1007","BD","1007",34.4000015258789,11,9,"privada"
"1008","BD","1008",44.5999984741211,17,9,"privada"
"1009","BD","1009",79.3999938964844,26,9,"privada"
"1010","BD","1010",46.9000015258789,16,9,"privada"
"1011","BD","1011",69.0999984741211,22,9,"privada"
"1012","BD","1012",56,20,9,"privada"
"1013","BD","1013",42.5,15,9,"privada"
"1014","BD","1014",76.3000030517578,25,9,"privada"
"1015","BD","1015",41.5999984741211,14,9,"privada"
"1016","BD","1016",85.8000030517578,29,9,"privada"
"1017","BD","1017",62.9000015258789,22,9,"privada"
"1018","BD","1018",33.5,14,9,"privada"
"1019","BD","1019",58.2000007629395,18,9,"privada"
"1020","BD","1020",38.4000015258789,12,9,"privada"
"1021","BD","1021",51.3000030517578,19,9,"privada"
"1022","BD","1022",45.7000007629395,17,9,"privada"
"1023","BD","1023",82.7999954223633,27,9,"privada"
"1024","BD","1024",62.2999992370605,20,9,"privada"
"1025","BD","1025",33.8999977111816,11,9,"privada"
"1026","BD","1026",25.5999984741211,11,9,"privada"
"1027","BD","1027",77.7000045776367,27,9,"privada"
"1028","BD","1028",72.2999954223633,25,9,"privada"
"1029","BD","1029",66.5999984741211,22,9,"privada"
"1030","BD","1030",48.8999977111816,16,9,"privada"
"1031","BD","1031",47.5,18,9,"privada"
"1032","BD","1032",51,18,9,"privada"
"1033","BD","1033",48.2000007629395,16,9,"privada"
"1034","BD","1034",73.8000030517578,25,9,"privada"
"1035","BD","1035",37,14,9,"privada"
"1036","BD","1036",65.5999984741211,21,9,"privada"
"1037","BD","1037",55.9000015258789,19,9,"privada"
"1038","BD","1038",61.7000007629395,19,9,"privada"
"1039","BD","1039",44.2999992370605,16,9,"privada"
"1040","BD","1040",47.9000015258789,16,9,"privada"
"1041","BD","1041",51.1999969482422,17,9,"privada"
"1042","BD","1042",79.0999984741211,25,9,"privada"
"1043","BD","1043",53.6999969482422,18,9,"privada"
"1044","BD","1044",52.8000030517578,17,9,"privada"
"1045","BD","1045",45.2000007629395,16,9,"privada"
"1046","BE","1046",39.4000015258789,13,2,"pública"
"1047","BE","1047",59.5,16,2,"pública"
"1048","BE","1048",49.5,15,2,"pública"
"1049","BE","1049",73.2000045776367,20,2,"pública"
"1050","BE","1050",19.8999996185303,8,2,"pública"
"1051","BE","1051",84.7000045776367,27,2,"pública"
"1052","BE","1052",19.7999992370605,6,2,"pública"
"1053","BE","1053",86.5,25,2,"pública"
"1054","BE","1054",62.5,19,2,"pública"
"1055","BE","1055",52.2999992370605,19,2,"pública"
"1056","BE","1056",37.7000007629395,13,2,"pública"
"1057","BE","1057",61.3000030517578,21,2,"pública"
"1058","BE","1058",73,24,2,"pública"
"1059","BE","1059",28.0999984741211,8,2,"pública"
"1060","BE","1060",45.1000022888184,11,2,"pública"
"1061","BE","1061",51,15,2,"pública"
"1062","BE","1062",57.8000030517578,19,2,"pública"
"1063","BE","1063",44.2999992370605,14,2,"pública"
"1064","BE","1064",95.1000061035156,28,2,"pública"
"1065","BE","1065",21.7000007629395,6,2,"pública"
"1066","BE","1066",79.0999984741211,24,2,"pública"
"1067","BE","1067",37.2000007629395,10,2,"pública"
"1068","BE","1068",54.5,15,2,"pública"
"1069","BE","1069",68.8000030517578,22,2,"pública"
"1070","BE","1070",66.7999954223633,24,2,"pública"
"1071","BE","1071",26.7000007629395,12,2,"pública"
"1072","BE","1072",49.2999992370605,15,2,"pública"
"1073","BE","1073",70,19,2,"pública"
"1074","BE","1074",87.2000045776367,27,2,"pública"
"1075","BE","1075",48.6999969482422,14,2,"pública"
"1076","BE","1076",53,17,2,"pública"
"1077","BE","1077",48.6000022888184,14,2,"pública"
"1078","BE","1078",39.2999992370605,14,2,"pública"
"1079","BE","1079",70.1000061035156,21,2,"pública"
"1080","BE","1080",30.2000007629395,11,2,"pública"
"1081","BE","1081",33.4000015258789,12,2,"pública"
"1082","BE","1082",75.8000030517578,22,2,"pública"
"1083","BE","1083",77.9000015258789,21,2,"pública"
"1084","BE","1084",39.1000022888184,11,2,"pública"
"1085","BE","1085",31,9,2,"pública"
"1086","BE","1086",27.7999992370605,7,2,"pública"
"1087","BE","1087",70,18,2,"pública"
"1088","BE","1088",48.8999977111816,18,2,"pública"
"1089","BE","1089",26.1999988555908,8,2,"pública"
"1090","BE","1090",82,25,2,"pública"
"1091","BE","1091",45.1000022888184,14,2,"pública"
"1092","BE","1092",73.1999969482422,22,2,"pública"
"1093","BE","1093",41.7999992370605,15,2,"pública"
"1094","BE","1094",46.9000015258789,15,2,"pública"
"1095","BE","1095",57,19,2,"pública"
"1096","BE","1096",31.9000015258789,10,2,"pública"
"1097","BE","1097",33.8000030517578,13,2,"pública"
"1098","BF","1098",73.1999969482422,23,9,"privada"
"1099","BF","1099",66.9000015258789,23,9,"privada"
"1100","BF","1100",74.8999938964844,26,9,"privada"
"1101","BF","1101",69.4000015258789,21,9,"privada"
"1102","BF","1102",77.7999954223633,25,9,"privada"
"1103","BF","1103",49.7999992370605,17,9,"privada"
"1104","BF","1104",72.5,22,9,"privada"
"1105","BF","1105",71.0999984741211,22,9,"privada"
"1106","BF","1106",53.0999984741211,16,9,"privada"
"1107","BF","1107",66,23,9,"privada"
"1108","BF","1108",53.0999984741211,18,9,"privada"
"1109","BF","1109",90,30,9,"privada"
"1110","BF","1110",79.8999938964844,26,9,"privada"
"1111","BF","1111",67.6999969482422,21,9,"privada"
"1112","BF","1112",75.6000061035156,24,9,"privada"
"1113","BF","1113",64.4000015258789,21,9,"privada"
"1114","BF","1114",70.6999969482422,22,9,"privada"
"1115","BF","1115",82.6000061035156,27,9,"privada"
"1116","BF","1116",67.9000015258789,24,9,"privada"
"1117","BF","1117",54.8999977111816,19,9,"privada"
"1118","BF","1118",83.9000015258789,29,9,"privada"
"1119","BF","1119",82.7000045776367,26,9,"privada"
"1120","BF","1120",67.8000030517578,22,9,"privada"
"1121","BF","1121",51.7000007629395,18,9,"privada"
"1122","BF","1122",67.1999969482422,22,9,"privada"
"1123","BF","1123",56.7999992370605,21,9,"privada"
"1124","BF","1124",74.1999969482422,25,9,"privada"
"1125","BF","1125",67.3000030517578,23,9,"privada"
"1126","BF","1126",80.1000061035156,25,9,"privada"
"1127","BF","1127",51.3000030517578,18,9,"privada"
"1128","BF","1128",55.3000030517578,18,9,"privada"
"1129","BF","1129",49.5,17,9,"privada"
"1130","BF","1130",66,22,9,"privada"
"1131","BF","1131",82.6000061035156,27,9,"privada"
"1132","BF","1132",46.1000022888184,15,9,"privada"
"1133","BF","1133",60.2000007629395,22,9,"privada"
"1134","BF","1134",82.5,25,9,"privada"
"1135","BF","1135",68.5999984741211,24,9,"privada"
"1136","BF","1136",77.3999938964844,26,9,"privada"
"1137","BF","1137",52.0999984741211,16,9,"privada"
"1138","BF","1138",74.8999938964844,24,9,"privada"
"1139","BF","1139",62,19,9,"privada"
"1140","BF","1140",70.6999969482422,24,9,"privada"
"1141","BF","1141",26.6000003814697,8,9,"privada"
"1142","BF","1142",86,29,9,"privada"
"1143","BF","1143",87.9000015258789,27,9,"privada"
"1144","BF","1144",81.5999984741211,28,9,"privada"
"1145","BF","1145",83,28,9,"privada"
"1146","BF","1146",55,17,9,"privada"
"1147","BF","1147",72.2000045776367,22,9,"privada"
"1148","BF","1148",46.7000007629395,18,9,"privada"
"1149","BF","1149",51.3000030517578,17,9,"privada"
"1150","BF","1150",55.3000030517578,19,9,"privada"
"1151","BF","1151",82.5,25,9,"privada"
"1152","BF","1152",76.8000030517578,24,9,"privada"
"1153","BF","1153",39.5999984741211,15,9,"privada"
"1154","BF","1154",80,27,9,"privada"
"1155","BG","1155",51,19,2,"pública"
"1156","BG","1156",80.6999969482422,23,2,"pública"
"1157","BG","1157",37.5,15,2,"pública"
"1158","BG","1158",53.2999992370605,18,2,"pública"
"1159","BG","1159",61.5999984741211,20,2,"pública"
"1160","BG","1160",69.4000015258789,18,2,"pública"
"1161","BG","1161",100,30,2,"pública"
"1162","BG","1162",78.5999984741211,26,2,"pública"
"1163","BG","1163",50.7999992370605,13,2,"pública"
"1164","BG","1164",55.5999984741211,17,2,"pública"
"1165","BG","1165",47.9000015258789,18,2,"pública"
"1166","BG","1166",78.5999984741211,23,2,"pública"
"1167","BG","1167",48.2000007629395,17,2,"pública"
"1168","BG","1168",96.3000030517578,28,2,"pública"
"1169","BG","1169",11.3000011444092,4,2,"pública"
"1170","BG","1170",50.4000015258789,19,2,"pública"
"1171","BG","1171",45.5,17,2,"pública"
"1172","BG","1172",80.2999954223633,24,2,"pública"
"1173","BG","1173",74.2999954223633,20,2,"pública"
"1174","BG","1174",58.6999969482422,15,2,"pública"
"1175","BG","1175",60.5999984741211,19,2,"pública"
"1176","BG","1176",99.5,27,2,"pública"
"1177","BG","1177",58.2999992370605,18,2,"pública"
"1178","BG","1178",25.8999996185303,9,2,"pública"
"1179","BG","1179",57.6000022888184,16,2,"pública"
"1180","BG","1180",63.6999969482422,20,2,"pública"
"1181","BG","1181",62.6000022888184,21,2,"pública"
"1182","BG","1182",68.3000030517578,22,2,"pública"
"1183","BG","1183",47.9000015258789,15,2,"pública"
"1184","BG","1184",69.8000030517578,23,2,"pública"
"1185","BG","1185",37.9000015258789,15,2,"pública"
"1186","BG","1186",72.0999984741211,20,2,"pública"
"1187","BG","1187",40.5999984741211,15,2,"pública"
"1188","BG","1188",81,23,2,"pública"
"1189","BG","1189",48.8000030517578,14,2,"pública"
"1190","BG","1190",53.2999992370605,14,2,"pública"
"1191","BG","1191",90.5,27,2,"pública"
"1192","BG","1192",92.6000061035156,27,2,"pública"
"1193","BH","1193",80.9000015258789,25,18,"privada"
"1194","BH","1194",75.7000045776367,23,18,"privada"
"1195","BH","1195",61.3000030517578,17,18,"privada"
"1196","BH","1196",85.1000061035156,26,18,"privada"
"1197","BH","1197",84.7000045776367,26,18,"privada"
"1198","BH","1198",90.5,27,18,"privada"
"1199","BH","1199",59,17,18,"privada"
"1200","BH","1200",75,21,18,"privada"
"1201","BH","1201",88.3000030517578,25,18,"privada"
"1202","BH","1202",36.7999992370605,12,18,"privada"
"1203","BH","1203",59.5999984741211,17,18,"privada"
"1204","BH","1204",70.5999984741211,20,18,"privada"
"1205","BH","1205",63.8000030517578,17,18,"privada"
"1206","BH","1206",38.9000015258789,10,18,"privada"
"1207","BH","1207",96.5999984741211,27,18,"privada"
"1208","BH","1208",72,22,18,"privada"
"1209","BH","1209",90.2999954223633,27,18,"privada"
"1210","BH","1210",83.5999984741211,24,18,"privada"
"1211","BH","1211",69.0999984741211,21,18,"privada"
"1212","BH","1212",63.2999992370605,18,18,"privada"
"1213","BH","1213",66,17,18,"privada"
"1214","BH","1214",68.3000030517578,20,18,"privada"
"1215","BH","1215",61.3000030517578,19,18,"privada"
"1216","BH","1216",60.3000030517578,18,18,"privada"
"1217","BH","1217",83.1999969482422,22,18,"privada"
"1218","BH","1218",54.4000015258789,17,18,"privada"
"1219","BH","1219",61.3999977111816,16,18,"privada"
"1220","BH","1220",83.4000015258789,25,18,"privada"
"1221","BH","1221",92.5,25,18,"privada"
"1222","BH","1222",40.3000030517578,10,18,"privada"
"1223","BH","1223",92.9000015258789,27,18,"privada"
"1224","BH","1224",88.8000030517578,27,18,"privada"
"1225","BH","1225",56.3000030517578,17,18,"privada"
"1226","BH","1226",62,16,18,"privada"
"1227","BH","1227",44.4000015258789,14,18,"privada"
"1228","BH","1228",74.5999984741211,20,18,"privada"
"1229","BH","1229",92,28,18,"privada"
"1230","BH","1230",67.5,20,18,"privada"
"1231","BH","1231",76.4000015258789,21,18,"privada"
"1232","BH","1232",69.1999969482422,20,18,"privada"
"1233","BH","1233",84.7999954223633,23,18,"privada"
"1234","BH","1234",80.9000015258789,22,18,"privada"
"1235","BH","1235",60.9000015258789,19,18,"privada"
"1236","BH","1236",74.1999969482422,20,18,"privada"
"1237","BH","1237",79.4000015258789,22,18,"privada"
"1238","BH","1238",49.2000007629395,15,18,"privada"
"1239","BH","1239",73.9000015258789,20,18,"privada"
"1240","BH","1240",75.1999969482422,23,18,"privada"
"1241","BH","1241",47.5,12,18,"privada"
"1242","BH","1242",69.8999938964844,18,18,"privada"
"1243","BH","1243",69.1999969482422,19,18,"privada"
"1244","BH","1244",59.4000015258789,18,18,"privada"
"1245","BH","1245",67.6000061035156,18,18,"privada"
"1246","BH","1246",85.5,26,18,"privada"
"1247","BH","1247",66.3000030517578,17,18,"privada"
"1248","BH","1248",79.1999969482422,21,18,"privada"
"1249","BH","1249",94.1999969482422,29,18,"privada"
"1250","BI","1250",49,17,2,"pública"
"1251","BI","1251",32.2999992370605,12,2,"pública"
"1252","BI","1252",27.5,12,2,"pública"
"1253","BI","1253",33.6000022888184,12,2,"pública"
"1254","BI","1254",79.8999938964844,22,2,"pública"
"1255","BI","1255",31.5,7,2,"pública"
"1256","BI","1256",26.9000015258789,10,2,"pública"
"1257","BI","1257",24.3000011444092,11,2,"pública"
"1258","BI","1258",39.2999992370605,11,2,"pública"
"1259","BI","1259",36.5,10,2,"pública"
"1260","BI","1260",66,22,2,"pública"
"1261","BI","1261",33.2999992370605,12,2,"pública"
"1262","BI","1262",94.5,27,2,"pública"
"1263","BI","1263",34.9000015258789,8,2,"pública"
"1264","BI","1264",47.2999992370605,15,2,"pública"
"1265","BI","1265",47.5,18,2,"pública"
"1266","BI","1266",32.1999969482422,10,2,"pública"
"1267","BI","1267",34.7000007629395,9,2,"pública"
"1268","BI","1268",49.4000015258789,17,2,"pública"
"1269","BI","1269",51.5999984741211,13,2,"pública"
"1270","BI","1270",24.3000011444092,7,2,"pública"
"1271","BI","1271",37.3999977111816,15,2,"pública"
"1272","BI","1272",56.1000022888184,14,2,"pública"
"1273","BI","1273",24.8999996185303,9,2,"pública"
"1274","BI","1274",31.9000015258789,12,2,"pública"
"1275","BI","1275",16.1999988555908,5,2,"pública"
"1276","BI","1276",32.6000022888184,11,2,"pública"
"1277","BI","1277",36.1999969482422,14,2,"pública"
"1278","BI","1278",29.6000003814697,12,2,"pública"
"1279","BI","1279",60.1000022888184,19,2,"pública"
"1280","BI","1280",13.1999988555908,6,2,"pública"
"1281","BI","1281",26.3000011444092,9,2,"pública"
"1282","BI","1282",66.5999984741211,20,2,"pública"
"1283","BI","1283",26.4000015258789,5,2,"pública"
"1284","BI","1284",58,19,2,"pública"
"1285","BI","1285",37.4000015258789,12,2,"pública"
"1286","BI","1286",87.5,27,2,"pública"
"1287","BI","1287",54.2000007629395,15,2,"pública"
"1288","BI","1288",36.3000030517578,14,2,"pública"
"1289","BI","1289",50.2000007629395,16,2,"pública"
"1290","BI","1290",19.7999992370605,6,2,"pública"
"1291","BI","1291",56.7000007629395,16,2,"pública"
"1292","CJ","1292",57,16,2,"pública"
"1293","CJ","1293",51.5,16,2,"pública"
"1294","CJ","1294",53.2999992370605,17,2,"pública"
"1295","CJ","1295",77.6000061035156,27,2,"pública"
"1296","CJ","1296",44.2999992370605,17,2,"pública"
"1297","CJ","1297",53.4000015258789,17,2,"pública"
"1298","CJ","1298",76.6999969482422,21,2,"pública"
"1299","CJ","1299",62,21,2,"pública"
"1300","CJ","1300",45.4000015258789,11,2,"pública"
"1301","CJ","1301",49.0999984741211,14,2,"pública"
"1302","CJ","1302",31.9999980926514,11,2,"pública"
"1303","CJ","1303",63.2999992370605,17,2,"pública"
"1304","CJ","1304",50.2000007629395,18,2,"pública"
"1305","CJ","1305",40,12,2,"pública"
"1306","CJ","1306",78.5999984741211,21,2,"pública"
"1307","CJ","1307",92.9000015258789,26,2,"pública"
"1308","CJ","1308",25,8,2,"pública"
"1309","CJ","1309",48.2000007629395,12,2,"pública"
"1310","CJ","1310",52.5,15,2,"pública"
"1311","CJ","1311",82.0999984741211,27,2,"pública"
"1312","CJ","1312",77.0999984741211,22,2,"pública"
"1313","CJ","1313",97.0999984741211,29,2,"pública"
"1314","CJ","1314",41.7000007629395,15,2,"pública"
"1315","CJ","1315",71.3000030517578,19,2,"pública"
"1316","CJ","1316",59.5,15,2,"pública"
"1317","CJ","1317",13.0999994277954,6,2,"pública"
"1318","CJ","1318",58.5,18,2,"pública"
"1319","CJ","1319",80.1000061035156,22,2,"pública"
"1320","CJ","1320",91.4000015258789,27,2,"pública"
"1321","CJ","1321",54.0999984741211,18,2,"pública"
"1322","CJ","1322",65.9000015258789,19,2,"pública"
"1323","CJ","1323",16.6000003814697,5,2,"pública"
"1324","CJ","1324",32.8000030517578,13,2,"pública"
"1325","CJ","1325",27.1000003814697,12,2,"pública"
"1326","CJ","1326",54.2999992370605,14,2,"pública"
"1327","CJ","1327",87.6000061035156,27,2,"pública"
"1328","CJ","1328",34.7999992370605,14,2,"pública"
"1329","CJ","1329",21.3000011444092,7,2,"pública"
"1330","CA","1330",71.7999954223633,19,2,"pública"
"1331","CA","1331",39.2999992370605,13,2,"pública"
"1332","CA","1332",40.2000007629395,15,2,"pública"
"1333","CA","1333",49.6999969482422,18,2,"pública"
"1334","CA","1334",85.6000061035156,24,2,"pública"
"1335","CA","1335",92,26,2,"pública"
"1336","CA","1336",36.3999977111816,14,2,"pública"
"1337","CA","1337",33.2000007629395,11,2,"pública"
"1338","CA","1338",42.8000030517578,11,2,"pública"
"1339","CA","1339",68.4000015258789,20,2,"pública"
"1340","CA","1340",69.6999969482422,21,2,"pública"
"1341","CA","1341",35.7000007629395,13,2,"pública"
"1342","CA","1342",53,15,2,"pública"
"1343","CA","1343",54,18,2,"pública"
"1344","CA","1344",70.9000015258789,22,2,"pública"
"1345","CA","1345",64,21,2,"pública"
"1346","CA","1346",63.0999984741211,16,2,"pública"
"1347","CA","1347",29.2000007629395,12,2,"pública"
"1348","CA","1348",81.3000030517578,28,2,"pública"
"1349","CA","1349",76.0999984741211,22,2,"pública"
"1350","CA","1350",54.4000015258789,18,2,"pública"
"1351","CA","1351",40.2000007629395,13,2,"pública"
"1352","CA","1352",58.8999977111816,19,2,"pública"
"1353","CA","1353",28,10,2,"pública"
"1354","CA","1354",77.2999954223633,27,2,"pública"
"1355","CA","1355",66.1999969482422,18,2,"pública"
"1356","CA","1356",59.7999992370605,18,2,"pública"
"1357","CA","1357",59.5,18,2,"pública"
"1358","CA","1358",13.5999984741211,8,2,"pública"
"1359","CA","1359",16.8000011444092,8,2,"pública"
"1360","CA","1360",60.7000007629395,20,2,"pública"
"1361","CA","1361",64.5,23,2,"pública"
"1362","CA","1362",74.3000030517578,24,2,"pública"
"1363","CA","1363",22.2000007629395,8,2,"pública"
"1364","CA","1364",93,26,2,"pública"
"1365","CA","1365",67.8000030517578,22,2,"pública"
"1366","CA","1366",60.3000030517578,19,2,"pública"
"1367","CA","1367",81.5999984741211,23,2,"pública"
"1368","CA","1368",70.1000061035156,22,2,"pública"
"1369","CA","1369",61.5,22,2,"pública"
"1370","CA","1370",64.2999954223633,17,2,"pública"
"1371","CA","1371",31.5999984741211,11,2,"pública"
"1372","CA","1372",51.3000030517578,14,2,"pública"
"1373","CA","1373",76.0999984741211,22,2,"pública"
"1374","CA","1374",39.8999977111816,14,2,"pública"
"1375","CA","1375",43.0999984741211,16,2,"pública"
"1376","CA","1376",42.8000030517578,10,2,"pública"
"1377","CA","1377",73.0999984741211,22,2,"pública"
"1378","CA","1378",67.6999969482422,21,2,"pública"
"1379","CA","1379",78.1999969482422,24,2,"pública"
"1380","CA","1380",60.5,21,2,"pública"
"1381","CA","1381",95.1000061035156,29,2,"pública"
"1382","CB","1382",38.6000022888184,14,9,"privada"
"1383","CB","1383",61.1000022888184,19,9,"privada"
"1384","CB","1384",45.5999984741211,14,9,"privada"
"1385","CB","1385",55.1000022888184,17,9,"privada"
"1386","CB","1386",33.8999977111816,11,9,"privada"
"1387","CB","1387",73.6999969482422,25,9,"privada"
"1388","CB","1388",55.3000030517578,20,9,"privada"
"1389","CB","1389",95.6000061035156,26,9,"privada"
"1390","CB","1390",51.3999977111816,16,9,"privada"
"1391","CB","1391",59.5999984741211,18,9,"privada"
"1392","CB","1392",63.2999992370605,17,9,"privada"
"1393","CB","1393",64.6999969482422,20,9,"privada"
"1394","CB","1394",57.6000022888184,21,9,"privada"
"1395","CB","1395",92.6000061035156,28,9,"privada"
"1396","CB","1396",70.9000015258789,22,9,"privada"
"1397","CB","1397",59,15,9,"privada"
"1398","CB","1398",31.7999992370605,11,9,"privada"
"1399","CB","1399",56.3999977111816,17,9,"privada"
"1400","CB","1400",73.2000045776367,22,9,"privada"
"1401","CB","1401",66.6999969482422,18,9,"privada"
"1402","CB","1402",70.6999969482422,23,9,"privada"
"1403","CB","1403",84.0999984741211,26,9,"privada"
"1404","CB","1404",56.7000007629395,19,9,"privada"
"1405","CB","1405",74.8999938964844,21,9,"privada"
"1406","CB","1406",55.5,16,9,"privada"
"1407","CB","1407",28,10,9,"privada"
"1408","CB","1408",64.5999984741211,20,9,"privada"
"1409","CB","1409",75.8000030517578,23,9,"privada"
"1410","CB","1410",64.8000030517578,22,9,"privada"
"1411","CB","1411",66.5,20,9,"privada"
"1412","CB","1412",80.2000045776367,22,9,"privada"
"1413","CB","1413",58.0999984741211,18,9,"privada"
"1414","CB","1414",15.8999996185303,8,9,"privada"
"1415","CB","1415",17.7999992370605,9,9,"privada"
"1416","CB","1416",70.1000061035156,23,9,"privada"
"1417","CB","1417",70.6000061035156,22,9,"privada"
"1418","CB","1418",66,18,9,"privada"
"1419","CB","1419",60.1000022888184,17,9,"privada"
"1420","CB","1420",45.1000022888184,13,9,"privada"
"1421","CB","1421",59.2000007629395,15,9,"privada"
"1422","CB","1422",57.0999984741211,21,9,"privada"
"1423","CB","1423",62.9000015258789,19,9,"privada"
"1424","CB","1424",73.1000061035156,22,9,"privada"
"1425","CB","1425",66,20,9,"privada"
"1426","CB","1426",88.8000030517578,26,9,"privada"
"1427","CC","1427",80.8000030517578,23,10,"privada"
"1428","CC","1428",56.7999992370605,15,10,"privada"
"1429","CC","1429",66.4000015258789,17,10,"privada"
"1430","CC","1430",96.1999969482422,28,10,"privada"
"1431","CC","1431",49.2999992370605,15,10,"privada"
"1432","CC","1432",64.6999969482422,19,10,"privada"
"1433","CC","1433",93.3000030517578,27,10,"privada"
"1434","CC","1434",79.4000015258789,24,10,"privada"
"1435","CC","1435",73.4000015258789,21,10,"privada"
"1436","CC","1436",70.4000015258789,20,10,"privada"
"1437","CC","1437",96.5,26,10,"privada"
"1438","CC","1438",60,18,10,"privada"
"1439","CC","1439",48.8999977111816,14,10,"privada"
"1440","CC","1440",87.5,26,10,"privada"
"1441","CC","1441",55.5,17,10,"privada"
"1442","CC","1442",63.0999984741211,18,10,"privada"
"1443","CC","1443",61.1000022888184,17,10,"privada"
"1444","CC","1444",94.5999984741211,26,10,"privada"
"1445","CC","1445",92.2999954223633,26,10,"privada"
"1446","CC","1446",57,15,10,"privada"
"1447","CC","1447",87,24,10,"privada"
"1448","CC","1448",69.0999984741211,20,10,"privada"
"1449","CC","1449",82.0999984741211,22,10,"privada"
"1450","CC","1450",78.5999984741211,22,10,"privada"
"1451","CC","1451",86.0999984741211,23,10,"privada"
"1452","CC","1452",86.5999984741211,26,10,"privada"
"1453","CC","1453",88.4000015258789,25,10,"privada"
"1454","CC","1454",45.3000030517578,11,10,"privada"
"1455","CC","1455",92.7000045776367,26,10,"privada"
"1456","CC","1456",90.2999954223633,28,10,"privada"
"1457","CC","1457",85.8000030517578,25,10,"privada"
"1458","CC","1458",77.5,24,10,"privada"
"1459","CC","1459",80,24,10,"privada"
"1460","CC","1460",37.5,10,10,"privada"
"1461","CC","1461",85,26,10,"privada"
"1462","CC","1462",86.0999984741211,25,10,"privada"
"1463","CC","1463",89,25,10,"privada"
"1464","CC","1464",52.7000007629395,13,10,"privada"
"1465","CC","1465",74.0999984741211,23,10,"privada"
"1466","CC","1466",93.4000015258789,28,10,"privada"
"1467","CC","1467",70.1000061035156,19,10,"privada"
"1468","CC","1468",91.8999938964844,27,10,"privada"
"1469","CC","1469",90.6999969482422,27,10,"privada"
"1470","CC","1470",98.5,29,10,"privada"
"1471","CC","1471",54,14,10,"privada"
"1472","CC","1472",100,29,10,"privada"
"1473","CC","1473",36.3000030517578,8,10,"privada"
"1474","CD","1474",32.7999992370605,7,2,"pública"
"1475","CD","1475",34.7999992370605,12,2,"pública"
"1476","CD","1476",37.0999984741211,14,2,"pública"
"1477","CD","1477",60,18,2,"pública"
"1478","CD","1478",84.7999954223633,23,2,"pública"
"1479","CD","1479",47.6000022888184,17,2,"pública"
"1480","CD","1480",69.5,22,2,"pública"
"1481","CD","1481",35.3000030517578,12,2,"pública"
"1482","CD","1482",35.7000007629395,8,2,"pública"
"1483","CD","1483",87.3999938964844,27,2,"pública"
"1484","CD","1484",28.1999988555908,11,2,"pública"
"1485","CD","1485",79.8999938964844,24,2,"pública"
"1486","CD","1486",35.7999992370605,14,2,"pública"
"1487","CD","1487",40.3000030517578,11,2,"pública"
"1488","CD","1488",51.1999969482422,16,2,"pública"
"1489","CD","1489",84.5,25,2,"pública"
"1490","CD","1490",48.4000015258789,17,2,"pública"
"1491","CD","1491",29.5,10,2,"pública"
"1492","CD","1492",53.5,16,2,"pública"
"1493","CD","1493",99.5,29,2,"pública"
"1494","CD","1494",35.7999992370605,9,2,"pública"
"1495","CD","1495",91.5999984741211,25,2,"pública"
"1496","CD","1496",65.1999969482422,17,2,"pública"
"1497","CD","1497",35.7999992370605,11,2,"pública"
"1498","CD","1498",68.0999984741211,22,2,"pública"
"1499","CE","1499",47.5,14,2,"pública"
"1500","CE","1500",60.2000007629395,16,2,"pública"
"1501","CE","1501",59.7999992370605,17,2,"pública"
"1502","CE","1502",47.3999977111816,13,2,"pública"
"1503","CE","1503",45.7999992370605,17,2,"pública"
"1504","CE","1504",48.5,14,2,"pública"
"1505","CE","1505",67.5,23,2,"pública"
"1506","CE","1506",65,17,2,"pública"
"1507","CE","1507",56.7000007629395,20,2,"pública"
"1508","CE","1508",94.8999938964844,26,2,"pública"
"1509","CE","1509",72.6000061035156,24,2,"pública"
"1510","CE","1510",59.2999992370605,18,2,"pública"
"1511","CE","1511",62.7000007629395,18,2,"pública"
"1512","CE","1512",49.6999969482422,17,2,"pública"
"1513","CE","1513",36.5999984741211,14,2,"pública"
"1514","CE","1514",100,29,2,"pública"
"1515","CE","1515",47.9000015258789,15,2,"pública"
"1516","CE","1516",41.3999977111816,10,2,"pública"
"1517","CE","1517",60.7000007629395,16,2,"pública"
"1518","CE","1518",30,6,2,"pública"
"1519","CE","1519",84,28,2,"pública"
"1520","CE","1520",80.5,27,2,"pública"
"1521","CE","1521",53.4000015258789,18,2,"pública"
"1522","CE","1522",78.8000030517578,24,2,"pública"
"1523","CE","1523",10.5,6,2,"pública"
"1524","CE","1524",40.2000007629395,15,2,"pública"
"1525","CE","1525",72.0999984741211,23,2,"pública"
"1526","CE","1526",35,11,2,"pública"
"1527","CE","1527",50.5,15,2,"pública"
"1528","CE","1528",69.5,21,2,"pública"
"1529","CE","1529",42.1999969482422,13,2,"pública"
"1530","CE","1530",80.6000061035156,22,2,"pública"
"1531","CE","1531",73.5999984741211,26,2,"pública"
"1532","CE","1532",69,23,2,"pública"
"1533","CE","1533",42.8000030517578,13,2,"pública"
"1534","CE","1534",54.0999984741211,14,2,"pública"
"1535","CE","1535",47.7000007629395,16,2,"pública"
"1536","CE","1536",46,15,2,"pública"
"1537","CE","1537",36,12,2,"pública"
"1538","CE","1538",94,26,2,"pública"
"1539","CE","1539",22.2999992370605,7,2,"pública"
"1540","CE","1540",60.5,19,2,"pública"
"1541","CE","1541",68.9000015258789,21,2,"pública"
"1542","CE","1542",57.0999984741211,21,2,"pública"
"1543","CE","1543",49.2999992370605,12,2,"pública"
"1544","CE","1544",51.3000030517578,14,2,"pública"
"1545","CE","1545",69.8000030517578,18,2,"pública"
"1546","CE","1546",47.7000007629395,18,2,"pública"
"1547","CE","1547",56,14,2,"pública"
"1548","CE","1548",78.5999984741211,27,2,"pública"
"1549","CE","1549",26.3000011444092,5,2,"pública"
"1550","CE","1550",42.3999977111816,14,2,"pública"
"1551","CE","1551",88.3000030517578,24,2,"pública"
"1552","CE","1552",96.0999984741211,27,2,"pública"
"1553","CE","1553",24.2000007629395,10,2,"pública"
"1554","CF","1554",68.4000015258789,24,2,"pública"
"1555","CF","1555",89.3000030517578,27,2,"pública"
"1556","CF","1556",66.1999969482422,21,2,"pública"
"1557","CF","1557",68.5,24,2,"pública"
"1558","CF","1558",61,21,2,"pública"
"1559","CF","1559",65,22,2,"pública"
"1560","CF","1560",57.8000030517578,16,2,"pública"
"1561","CF","1561",52.5,16,2,"pública"
"1562","CF","1562",35.2000007629395,11,2,"pública"
"1563","CF","1563",90.2999954223633,26,2,"pública"
"1564","CF","1564",92.7999954223633,25,2,"pública"
"1565","CF","1565",41.7999992370605,15,2,"pública"
"1566","CF","1566",78.8000030517578,27,2,"pública"
"1567","CF","1567",35.3000030517578,11,2,"pública"
"1568","CF","1568",51.5999984741211,18,2,"pública"
"1569","CF","1569",79.1999969482422,21,2,"pública"
"1570","CF","1570",67.1999969482422,21,2,"pública"
"1571","CF","1571",71.4000015258789,22,2,"pública"
"1572","CF","1572",54.6999969482422,18,2,"pública"
"1573","CF","1573",64.1999969482422,19,2,"pública"
"1574","CF","1574",53.2999992370605,13,2,"pública"
"1575","CF","1575",67,23,2,"pública"
"1576","CF","1576",84.8999938964844,23,2,"pública"
"1577","CF","1577",90.6999969482422,27,2,"pública"
"1578","CF","1578",60.4000015258789,18,2,"pública"
"1579","CF","1579",47.1999969482422,15,2,"pública"
"1580","CF","1580",59.2000007629395,17,2,"pública"
"1581","CF","1581",64.5,19,2,"pública"
"1582","CF","1582",84.7999954223633,26,2,"pública"
"1583","CF","1583",66.4000015258789,21,2,"pública"
"1584","CF","1584",84.8999938964844,24,2,"pública"
"1585","CF","1585",43.6999969482422,14,2,"pública"
"1586","CF","1586",78.8000030517578,25,2,"pública"
"1587","CF","1587",50.2000007629395,16,2,"pública"
"1588","CF","1588",60.5999984741211,20,2,"pública"
"1589","CF","1589",40.4000015258789,15,2,"pública"
"1590","CF","1590",69.6999969482422,23,2,"pública"
"1591","CF","1591",37.0999984741211,12,2,"pública"
"1592","CF","1592",37,13,2,"pública"
"1593","CF","1593",44.5999984741211,12,2,"pública"
"1594","CF","1594",59.0999984741211,20,2,"pública"
"1595","CF","1595",69.5999984741211,21,2,"pública"
"1596","CG","1596",51.5999984741211,19,2,"pública"
"1597","CG","1597",23,9,2,"pública"
"1598","CG","1598",42.7000007629395,12,2,"pública"
"1599","CG","1599",67.3999938964844,19,2,"pública"
"1600","CG","1600",57.5,18,2,"pública"
"1601","CG","1601",69,24,2,"pública"
"1602","CG","1602",24.5,7,2,"pública"
"1603","CG","1603",30.2000007629395,13,2,"pública"
"1604","CG","1604",80,27,2,"pública"
"1605","CG","1605",30.7999992370605,10,2,"pública"
"1606","CG","1606",45.3000030517578,11,2,"pública"
"1607","CG","1607",40.3000030517578,11,2,"pública"
"1608","CG","1608",23.1999988555908,10,2,"pública"
"1609","CG","1609",38.5,10,2,"pública"
"1610","CG","1610",62.0999984741211,18,2,"pública"
"1611","CG","1611",20.2999992370605,9,2,"pública"
"1612","CG","1612",80.4000015258789,22,2,"pública"
"1613","CG","1613",23.5999984741211,6,2,"pública"
"1614","CG","1614",61.1000022888184,21,2,"pública"
"1615","CG","1615",36.5,14,2,"pública"
"1616","CG","1616",16.9000015258789,9,2,"pública"
"1617","CG","1617",31.7999992370605,13,2,"pública"
"1618","CG","1618",29.7000007629395,7,2,"pública"
"1619","CG","1619",48.0999984741211,18,2,"pública"
"1620","CG","1620",19.3000011444092,7,2,"pública"
"1621","CG","1621",97.9000015258789,29,2,"pública"
"1622","CG","1622",58.4000015258789,18,2,"pública"
"1623","CG","1623",59.2000007629395,19,2,"pública"
"1624","CG","1624",69.0999984741211,22,2,"pública"
"1625","CG","1625",61.5,21,2,"pública"
"1626","CG","1626",69.8999938964844,18,2,"pública"
"1627","CG","1627",20.2000007629395,10,2,"pública"
"1628","CG","1628",43.2999992370605,11,2,"pública"
"1629","CG","1629",29.7999992370605,9,2,"pública"
"1630","CG","1630",66,19,2,"pública"
"1631","CG","1631",82.7000045776367,22,2,"pública"
"1632","CG","1632",64.8000030517578,23,2,"pública"
"1633","CG","1633",36.3999977111816,12,2,"pública"
"1634","CG","1634",34.2999992370605,14,2,"pública"
"1635","CG","1635",21.3000011444092,8,2,"pública"
"1636","CG","1636",35.4000015258789,11,2,"pública"
"1637","CG","1637",24.7999992370605,9,2,"pública"
"1638","CG","1638",20.3999996185303,8,2,"pública"
"1639","CH","1639",98.8000030517578,25,20,"privada"
"1640","CH","1640",97,25,20,"privada"
"1641","CH","1641",100.600006103516,25,20,"privada"
"1642","CH","1642",95.9000015258789,24,20,"privada"
"1643","CH","1643",102.399993896484,28,20,"privada"
"1644","CH","1644",76.5,19,20,"privada"
"1645","CH","1645",108,31,20,"privada"
"1646","CH","1646",91.4000015258789,25,20,"privada"
"1647","CH","1647",101.300003051758,26,20,"privada"
"1648","CH","1648",80.9000015258789,22,20,"privada"
"1649","CH","1649",94.3000030517578,24,20,"privada"
"1650","CH","1650",106.300003051758,28,20,"privada"
"1651","CH","1651",85.3999938964844,22,20,"privada"
"1652","CH","1652",99.5,27,20,"privada"
"1653","CH","1653",106.300003051758,28,20,"privada"
"1654","CH","1654",79.7999954223633,21,20,"privada"
"1655","CH","1655",76.0999984741211,20,20,"privada"
"1656","CH","1656",96.5999984741211,24,20,"privada"
"1657","CH","1657",85,22,20,"privada"
"1658","CH","1658",94.4000015258789,23,20,"privada"
"1659","CH","1659",97.5999984741211,24,20,"privada"
"1660","CH","1660",82.8000030517578,20,20,"privada"
"1661","CH","1661",83.1999969482422,20,20,"privada"
"1662","CH","1662",101.900001525879,29,20,"privada"
"1663","CH","1663",91.6999969482422,23,20,"privada"
"1664","CH","1664",106.5,30,20,"privada"
"1665","CH","1665",69.8000030517578,16,20,"privada"
"1666","CH","1666",88,24,20,"privada"
"1667","CH","1667",91.1999969482422,25,20,"privada"
"1668","CH","1668",92.7999954223633,24,20,"privada"
"1669","CH","1669",102.300003051758,28,20,"privada"
"1670","CH","1670",90.5,25,20,"privada"
"1671","CH","1671",84.6999969482422,23,20,"privada"
"1672","CH","1672",100.099998474121,26,20,"privada"
"1673","CH","1673",88.2999954223633,24,20,"privada"
"1674","CH","1674",85.8000030517578,23,20,"privada"
"1675","CH","1675",62.6999969482422,14,20,"privada"
"1676","CH","1676",89.8000030517578,23,20,"privada"
"1677","CH","1677",95.3999938964844,26,20,"privada"
"1678","CH","1678",76.2000045776367,18,20,"privada"
"1679","CH","1679",95.7000045776367,25,20,"privada"
"1680","CH","1680",85.9000015258789,21,20,"privada"
"1681","CH","1681",63.9000015258789,15,20,"privada"
"1682","CH","1682",54.5999984741211,11,20,"privada"
"1683","CH","1683",88,24,20,"privada"
"1684","CH","1684",97.7000045776367,25,20,"privada"
"1685","CH","1685",65.6999969482422,17,20,"privada"
"1686","CH","1686",77.0999984741211,18,20,"privada"
"1687","CI","1687",74.6999969482422,21,2,"pública"
"1688","CI","1688",38.5999984741211,12,2,"pública"
"1689","CI","1689",57.6000022888184,19,2,"pública"
"1690","CI","1690",55.7000007629395,15,2,"pública"
"1691","CI","1691",66.3000030517578,18,2,"pública"
"1692","CI","1692",65.3000030517578,21,2,"pública"
"1693","CI","1693",97.5,29,2,"pública"
"1694","CI","1694",40.4000015258789,16,2,"pública"
"1695","CI","1695",68.5,21,2,"pública"
"1696","CI","1696",48.8000030517578,13,2,"pública"
"1697","CI","1697",28.5999984741211,9,2,"pública"
"1698","CI","1698",32.7000007629395,13,2,"pública"
"1699","CI","1699",40.7000007629395,13,2,"pública"
"1700","CI","1700",40.7000007629395,12,2,"pública"
"1701","CI","1701",79.1999969482422,22,2,"pública"
"1702","CI","1702",27.2999992370605,11,2,"pública"
"1703","CI","1703",93.8000030517578,29,2,"pública"
"1704","CI","1704",20.3999996185303,9,2,"pública"
"1705","CI","1705",42.2999992370605,16,2,"pública"
"1706","CI","1706",70.3000030517578,22,2,"pública"
"1707","CI","1707",38.8999977111816,14,2,"pública"
"1708","CI","1708",71.7999954223633,19,2,"pública"
"1709","CI","1709",36.5,8,2,"pública"
"1710","CI","1710",55.2000007629395,17,2,"pública"
"1711","CI","1711",37.0999984741211,10,2,"pública"
"1712","CI","1712",73.5999984741211,25,2,"pública"
"1713","CI","1713",17,6,2,"pública"
"1714","CI","1714",91.3000030517578,27,2,"pública"
"1715","CI","1715",59.8999977111816,15,2,"pública"
"1716","CI","1716",32.2999992370605,10,2,"pública"
"1717","CI","1717",29.7999992370605,7,2,"pública"
"1718","CI","1718",61.1000022888184,20,2,"pública"
"1719","CI","1719",46.3000030517578,16,2,"pública"
"1720","CI","1720",26.1999988555908,7,2,"pública"
"1721","CI","1721",43,16,2,"pública"
"1722","CI","1722",30,7,2,"pública"
"1723","CI","1723",51.9000015258789,14,2,"pública"
"1724","CI","1724",47,12,2,"pública"
"1725","CI","1725",74.8999938964844,23,2,"pública"
"1726","CI","1726",55.7999992370605,17,2,"pública"
"1727","CI","1727",15.6999988555908,7,2,"pública"
"1728","CI","1728",56.1000022888184,19,2,"pública"
"1729","CI","1729",81.1999969482422,25,2,"pública"
"1730","CI","1730",78.5999984741211,27,2,"pública"
"1731","CI","1731",33.0999984741211,7,2,"pública"
"1732","CI","1732",15.6999988555908,6,2,"pública"
"1733","DJ","1733",92.0999984741211,26,2,"pública"
"1734","DJ","1734",89.8999938964844,27,2,"pública"
"1735","DJ","1735",30,8,2,"pública"
"1736","DJ","1736",22.2000007629395,7,2,"pública"
"1737","DJ","1737",67.3000030517578,23,2,"pública"
"1738","DJ","1738",57.7000007629395,19,2,"pública"
"1739","DJ","1739",87.6000061035156,26,2,"pública"
"1740","DJ","1740",87.5,26,2,"pública"
"1741","DJ","1741",76.5999984741211,26,2,"pública"
"1742","DJ","1742",48.8999977111816,14,2,"pública"
"1743","DJ","1743",55.5,17,2,"pública"
"1744","DJ","1744",78.2000045776367,22,2,"pública"
"1745","DJ","1745",57.0999984741211,20,2,"pública"
"1746","DJ","1746",68.5,21,2,"pública"
"1747","DJ","1747",90,26,2,"pública"
"1748","DJ","1748",60.4000015258789,19,2,"pública"
"1749","DJ","1749",63.8999977111816,19,2,"pública"
"1750","DJ","1750",27.7000007629395,10,2,"pública"
"1751","DJ","1751",58,15,2,"pública"
"1752","DJ","1752",66.4000015258789,20,2,"pública"
"1753","DJ","1753",34.8999977111816,14,2,"pública"
"1754","DJ","1754",79.1999969482422,21,2,"pública"
"1755","DJ","1755",86.1999969482422,24,2,"pública"
"1756","DJ","1756",53.5,16,2,"pública"
"1757","DJ","1757",15.3999996185303,6,2,"pública"
"1758","DJ","1758",49.6999969482422,17,2,"pública"
"1759","DJ","1759",53.2000007629395,15,2,"pública"
"1760","DJ","1760",73.5999984741211,20,2,"pública"
"1761","DJ","1761",75.7000045776367,20,2,"pública"
"1762","DJ","1762",44.4000015258789,11,2,"pública"
"1763","DJ","1763",92.5,28,2,"pública"
"1764","DJ","1764",48.6000022888184,12,2,"pública"
"1765","DJ","1765",33.5,12,2,"pública"
"1766","DJ","1766",53.5,17,2,"pública"
"1767","DJ","1767",61.1999969482422,20,2,"pública"
"1768","DJ","1768",65.8000030517578,20,2,"pública"
"1769","DJ","1769",18.5999984741211,8,2,"pública"
"1770","DJ","1770",74,22,2,"pública"
"1771","DJ","1771",48.6000022888184,12,2,"pública"
"1772","DJ","1772",40.5999984741211,14,2,"pública"
"1773","DJ","1773",46.9000015258789,13,2,"pública"
"1774","DJ","1774",65.3000030517578,18,2,"pública"
"1775","DJ","1775",88,24,2,"pública"
"1776","DJ","1776",35.1000022888184,11,2,"pública"
"1777","DJ","1777",72.3999938964844,22,2,"pública"
"1778","DJ","1778",35.0999984741211,10,2,"pública"
"1779","DJ","1779",74.8999938964844,23,2,"pública"
"1780","DJ","1780",92.2999954223633,28,2,"pública"
"1781","DJ","1781",25.1000003814697,6,2,"pública"
"1782","DJ","1782",84.8999938964844,25,2,"pública"
"1783","DJ","1783",83.9000015258789,29,2,"pública"
"1784","DJ","1784",72.6000061035156,20,2,"pública"
"1785","DJ","1785",69.6999969482422,20,2,"pública"
"1786","DA","1786",33.2999992370605,12,19,"privada"
"1787","DA","1787",46.5999984741211,17,19,"privada"
"1788","DA","1788",75.8000030517578,26,19,"privada"
"1789","DA","1789",81.5,25,19,"privada"
"1790","DA","1790",64.5,23,19,"privada"
"1791","DA","1791",79.8999938964844,26,19,"privada"
"1792","DA","1792",69.2999954223633,21,19,"privada"
"1793","DA","1793",74.8999938964844,24,19,"privada"
"1794","DA","1794",52.2999992370605,18,19,"privada"
"1795","DA","1795",39.6999969482422,15,19,"privada"
"1796","DA","1796",53.2999992370605,17,19,"privada"
"1797","DA","1797",51.3000030517578,19,19,"privada"
"1798","DA","1798",30.3000030517578,11,19,"privada"
"1799","DA","1799",49.2999992370605,15,19,"privada"
"1800","DA","1800",79.0999984741211,24,19,"privada"
"1801","DA","1801",64.0999984741211,21,19,"privada"
"1802","DA","1802",59.2999992370605,19,19,"privada"
"1803","DA","1803",59,20,19,"privada"
"1804","DA","1804",65.5,22,19,"privada"
"1805","DA","1805",68,23,19,"privada"
"1806","DA","1806",82.0999984741211,26,19,"privada"
"1807","DA","1807",88.1000061035156,27,19,"privada"
"1808","DA","1808",90,28,19,"privada"
"1809","DA","1809",83.6999969482422,28,19,"privada"
"1810","DA","1810",64.8999938964844,22,19,"privada"
"1811","DA","1811",66.1999969482422,22,19,"privada"
"1812","DA","1812",58.8000030517578,19,19,"privada"
"1813","DA","1813",69.5999984741211,23,19,"privada"
"1814","DA","1814",11.4000015258789,4,19,"privada"
"1815","DA","1815",57.2999992370605,18,19,"privada"
"1816","DA","1816",78.5999984741211,24,19,"privada"
"1817","DA","1817",41.5999984741211,16,19,"privada"
"1818","DA","1818",68.3000030517578,24,19,"privada"
"1819","DA","1819",61.3000030517578,19,19,"privada"
"1820","DA","1820",51.7000007629395,17,19,"privada"
"1821","DA","1821",43.2999992370605,16,19,"privada"
"1822","DA","1822",28.8000011444092,11,19,"privada"
"1823","DA","1823",49.5999984741211,15,19,"privada"
"1824","DA","1824",36.1999969482422,13,19,"privada"
"1825","DA","1825",56.7000007629395,18,19,"privada"
"1826","DA","1826",79.8999938964844,26,19,"privada"
"1827","DA","1827",28.9000015258789,10,19,"privada"
"1828","DA","1828",81.8999938964844,26,19,"privada"
"1829","DA","1829",69.1999969482422,23,19,"privada"
"1830","DA","1830",72.3999938964844,22,19,"privada"
"1831","DA","1831",69.2999954223633,24,19,"privada"
"1832","DA","1832",47.9000015258789,15,19,"privada"
"1833","DA","1833",75.9000015258789,25,19,"privada"
"1834","DA","1834",73.6999969482422,25,19,"privada"
"1835","DA","1835",69.1999969482422,21,19,"privada"
"1836","DA","1836",66.5,19,19,"privada"
"1837","DA","1837",46.1999969482422,15,19,"privada"
"1838","DA","1838",72,23,19,"privada"
"1839","DA","1839",17.2999992370605,8,19,"privada"
"1840","DA","1840",75.9000015258789,24,19,"privada"
"1841","DA","1841",68.3000030517578,23,19,"privada"
"1842","DA","1842",57.6000022888184,21,19,"privada"
"1843","DA","1843",24.7999992370605,9,19,"privada"
"1844","DA","1844",51.3999977111816,18,19,"privada"
"1845","DB","1845",92.9000015258789,28,9,"privada"
"1846","DB","1846",74.5,21,9,"privada"
"1847","DB","1847",89.0999984741211,25,9,"privada"
"1848","DB","1848",94.3000030517578,27,9,"privada"
"1849","DB","1849",58.6999969482422,16,9,"privada"
"1850","DB","1850",75.1000061035156,22,9,"privada"
"1851","DB","1851",41.1000022888184,11,9,"privada"
"1852","DB","1852",73.6999969482422,21,9,"privada"
"1853","DB","1853",85.9000015258789,23,9,"privada"
"1854","DB","1854",81,23,9,"privada"
"1855","DB","1855",87,27,9,"privada"
"1856","DB","1856",63.6000022888184,19,9,"privada"
"1857","DB","1857",50.7000007629395,13,9,"privada"
"1858","DB","1858",99.5,30,9,"privada"
"1859","DB","1859",78.5999984741211,24,9,"privada"
"1860","DB","1860",83.4000015258789,23,9,"privada"
"1861","DB","1861",86,26,9,"privada"
"1862","DB","1862",68.9000015258789,20,9,"privada"
"1863","DB","1863",79.8000030517578,22,9,"privada"
"1864","DB","1864",94.5999984741211,27,9,"privada"
"1865","DB","1865",59.8999977111816,18,9,"privada"
"1866","DC","1866",57.9000015258789,18,2,"pública"
"1867","DC","1867",81.6999969482422,27,2,"pública"
"1868","DC","1868",30.7000007629395,10,2,"pública"
"1869","DC","1869",61.7000007629395,20,2,"pública"
"1870","DC","1870",52.6000022888184,18,2,"pública"
"1871","DC","1871",48.4000015258789,16,2,"pública"
"1872","DC","1872",19.6000003814697,9,2,"pública"
"1873","DC","1873",50.4000015258789,18,2,"pública"
"1874","DC","1874",42.2999992370605,16,2,"pública"
"1875","DC","1875",35.4000015258789,11,2,"pública"
"1876","DC","1876",42.3999977111816,12,2,"pública"
"1877","DC","1877",41.3999977111816,12,2,"pública"
"1878","DC","1878",71.4000015258789,22,2,"pública"
"1879","DC","1879",42.6000022888184,11,2,"pública"
"1880","DC","1880",63.4000015258789,17,2,"pública"
"1881","DC","1881",71.4000015258789,21,2,"pública"
"1882","DC","1882",32.2999992370605,8,2,"pública"
"1883","DC","1883",40,13,2,"pública"
"1884","DC","1884",78.3000030517578,21,2,"pública"
"1885","DC","1885",78.9000015258789,24,2,"pública"
"1886","DC","1886",51.7999992370605,16,2,"pública"
"1887","DC","1887",37.7999992370605,9,2,"pública"
"1888","DC","1888",28.6999988555908,8,2,"pública"
"1889","DC","1889",34.9000015258789,8,2,"pública"
"1890","DC","1890",43.6000022888184,14,2,"pública"
"1891","DC","1891",40.7000007629395,16,2,"pública"
"1892","DC","1892",38.4000015258789,13,2,"pública"
"1893","DC","1893",31.7999992370605,11,2,"pública"
"1894","DC","1894",71.0999984741211,23,2,"pública"
"1895","DC","1895",38.4000015258789,13,2,"pública"
"1896","DC","1896",32.3999977111816,11,2,"pública"
"1897","DC","1897",67,21,2,"pública"
"1898","DC","1898",42.3999977111816,14,2,"pública"
"1899","DC","1899",32.1999969482422,10,2,"pública"
"1900","DC","1900",73.1999969482422,22,2,"pública"
"1901","DC","1901",44,15,2,"pública"
"1902","DC","1902",27.2000007629395,10,2,"pública"
"1903","DC","1903",68.8000030517578,20,2,"pública"
"1904","DC","1904",76.5,23,2,"pública"
"1905","DD","1905",53,16,2,"pública"
"1906","DD","1906",66.6999969482422,23,2,"pública"
"1907","DD","1907",42.8000030517578,13,2,"pública"
"1908","DD","1908",35.2000007629395,14,2,"pública"
"1909","DD","1909",65.1999969482422,19,2,"pública"
"1910","DD","1910",100,31,2,"pública"
"1911","DD","1911",84.5,28,2,"pública"
"1912","DD","1912",67.3999938964844,18,2,"pública"
"1913","DD","1913",71.1999969482422,19,2,"pública"
"1914","DD","1914",68.8000030517578,21,2,"pública"
"1915","DD","1915",57.2999992370605,21,2,"pública"
"1916","DD","1916",100,31,2,"pública"
"1917","DD","1917",43.6999969482422,17,2,"pública"
"1918","DD","1918",94.7000045776367,26,2,"pública"
"1919","DD","1919",54.8999977111816,18,2,"pública"
"1920","DD","1920",82.7000045776367,23,2,"pública"
"1921","DD","1921",47.0999984741211,15,2,"pública"
"1922","DD","1922",80.2000045776367,23,2,"pública"
"1923","DD","1923",92.2000045776367,25,2,"pública"
"1924","DD","1924",66.0999984741211,19,2,"pública"
"1925","DD","1925",96.5999984741211,26,2,"pública"
"1926","DD","1926",22.7000007629395,7,2,"pública"
"1927","DD","1927",34.5,11,2,"pública"
"1928","DD","1928",74.8999938964844,24,2,"pública"
"1929","DD","1929",12.6000003814697,4,2,"pública"
"1930","DD","1930",37.0999984741211,11,2,"pública"
"1931","DD","1931",83,26,2,"pública"
"1932","DD","1932",33.6999969482422,10,2,"pública"
"1933","DD","1933",84.3000030517578,24,2,"pública"
"1934","DD","1934",27.1000003814697,12,2,"pública"
"1935","DD","1935",71.1999969482422,21,2,"pública"
"1936","DD","1936",42.8000030517578,15,2,"pública"
"1937","DD","1937",92.3999938964844,26,2,"pública"
"1938","DD","1938",76.8000030517578,27,2,"pública"
"1939","DD","1939",73.5999984741211,23,2,"pública"
"1940","DD","1940",84.5,23,2,"pública"
"1941","DD","1941",46.3999977111816,12,2,"pública"
"1942","DD","1942",47.6000022888184,16,2,"pública"
"1943","DD","1943",88.5,26,2,"pública"
"1944","DD","1944",38.6000022888184,13,2,"pública"
"1945","DD","1945",53.2999992370605,17,2,"pública"
"1946","DD","1946",74.8999938964844,21,2,"pública"
"1947","DD","1947",46.5,15,2,"pública"
"1948","DD","1948",21.4000015258789,6,2,"pública"
"1949","DD","1949",69.0999984741211,19,2,"pública"
"1950","DD","1950",15,6,2,"pública"
"1951","DD","1951",63,19,2,"pública"
"1952","DD","1952",55.7999992370605,14,2,"pública"
"1953","DD","1953",40.1000022888184,16,2,"pública"
"1954","DD","1954",53.2999992370605,17,2,"pública"
"1955","DD","1955",72.7000045776367,25,2,"pública"
"1956","DD","1956",70.8000030517578,25,2,"pública"
"1957","DE","1957",62.6000022888184,16,2,"pública"
"1958","DE","1958",66.5,21,2,"pública"
"1959","DE","1959",82.3999938964844,27,2,"pública"
"1960","DE","1960",94.5,28,2,"pública"
"1961","DE","1961",21.4000015258789,8,2,"pública"
"1962","DE","1962",66.5999984741211,20,2,"pública"
"1963","DE","1963",81,25,2,"pública"
"1964","DE","1964",24.8999996185303,11,2,"pública"
"1965","DE","1965",55.1000022888184,19,2,"pública"
"1966","DE","1966",64.8000030517578,20,2,"pública"
"1967","DE","1967",64.0999984741211,22,2,"pública"
"1968","DE","1968",75.2000045776367,26,2,"pública"
"1969","DE","1969",94.5,29,2,"pública"
"1970","DE","1970",93.3000030517578,28,2,"pública"
"1971","DE","1971",61.3000030517578,18,2,"pública"
"1972","DE","1972",36.3999977111816,14,2,"pública"
"1973","DE","1973",100,31,2,"pública"
"1974","DE","1974",61.3999977111816,22,2,"pública"
"1975","DE","1975",57.2999992370605,20,2,"pública"
"1976","DE","1976",93.9000015258789,28,2,"pública"
"1977","DE","1977",57.2999992370605,17,2,"pública"
"1978","DE","1978",34.8999977111816,11,2,"pública"
"1979","DE","1979",39.5999984741211,12,2,"pública"
"1980","DE","1980",69,23,2,"pública"
"1981","DE","1981",63.0999984741211,22,2,"pública"
"1982","DE","1982",40.2000007629395,13,2,"pública"
"1983","DE","1983",64.8999938964844,23,2,"pública"
"1984","DE","1984",55.3000030517578,14,2,"pública"
"1985","DE","1985",51.5,19,2,"pública"
"1986","DE","1986",49.7999992370605,13,2,"pública"
"1987","DE","1987",86.0999984741211,26,2,"pública"
"1988","DE","1988",49.2999992370605,17,2,"pública"
"1989","DE","1989",70.4000015258789,22,2,"pública"
"1990","DE","1990",84,27,2,"pública"
"1991","DE","1991",38.9000015258789,11,2,"pública"
"1992","DE","1992",65.9000015258789,19,2,"pública"
"1993","DE","1993",65.8000030517578,19,2,"pública"
"1994","DE","1994",53.2999992370605,17,2,"pública"
"1995","DF","1995",44,15,2,"pública"
"1996","DF","1996",38.5,15,2,"pública"
"1997","DF","1997",37.6000022888184,13,2,"pública"
"1998","DF","1998",41,13,2,"pública"
"1999","DF","1999",38.2000007629395,12,2,"pública"
"2000","DF","2000",56.5999984741211,17,2,"pública"
